algorithm,app,bw_level,ipath_0,ipath_1,node_count,power_cap,runtime,thread_count
spr,kripke,1,2,0,512,64,25.63443,16
pak,kripke,1,2,0,512,64,24.78036,16
rand,kripke,1,2,0,512,64,25.97384,16
spr,kripke,2,1,0,512,64,25.09542,16
pak,kripke,2,1,0,512,64,24.86443,16
rand,kripke,2,1,0,512,64,25.55687,16
spr,kripke,3,0,0,512,64,25.06938,16
pak,kripke,3,0,0,512,64,24.66530,16
rand,kripke,3,0,0,512,64,25.51332,16
spr,kripke,4,0,1,512,64,25.18341,16
pak,kripke,4,0,1,512,64,24.50930,16
rand,kripke,4,0,1,512,64,25.09419,16
spr,kripke,5,0,2,512,64,25.15639,16
pak,kripke,5,0,2,512,64,24.67033,16
rand,kripke,5,0,2,512,64,24.76332,16
spr,kripke,1,2,0,512,80,22.42323,16
pak,kripke,1,2,0,512,80,22.15717,16
rand,kripke,1,2,0,512,80,22.41762,16
spr,kripke,2,1,0,512,80,22.17824,16
pak,kripke,2,1,0,512,80,22.18320,16
rand,kripke,2,1,0,512,80,22.40802,16
spr,kripke,3,0,0,512,80,22.50215,16
pak,kripke,3,0,0,512,80,21.97618,16
rand,kripke,3,0,0,512,80,22.13315,16
spr,kripke,4,0,1,512,80,22.44626,16
pak,kripke,4,0,1,512,80,22.64716,16
rand,kripke,4,0,1,512,80,22.08090,16
spr,kripke,5,0,2,512,80,22.35620,16
pak,kripke,5,0,2,512,80,22.51423,16
rand,kripke,5,0,2,512,80,22.46098,16
pak,kripke,1,2,0,512,115,22.19714,16
rand,kripke,1,2,0,512,115,21.85705,16
spr,kripke,2,1,0,512,115,22.21624,16
pak,kripke,2,1,0,512,115,21.79421,16
rand,kripke,2,1,0,512,115,21.90953,16
spr,kripke,3,0,0,512,115,22.28519,16
pak,kripke,3,0,0,512,115,21.75429,16
rand,kripke,3,0,0,512,115,21.81699,16
spr,kripke,4,0,1,512,115,21.74921,16
pak,kripke,4,0,1,512,115,21.84123,16
rand,kripke,4,0,1,512,115,21.77087,16
spr,kripke,5,0,2,512,115,21.99923,16
pak,kripke,5,0,2,512,115,21.91012,16
rand,kripke,5,0,2,512,115,21.94882,16
spr,kripke,1,2,0,512,64,28.76854,20
pak,kripke,1,2,0,512,64,27.83854,20
rand,kripke,1,2,0,512,64,28.54392,20
spr,kripke,2,1,0,512,64,29.16160,20
pak,kripke,2,1,0,512,64,28.16153,20
rand,kripke,2,1,0,512,64,28.91447,20
spr,kripke,3,0,0,512,64,28.96253,20
pak,kripke,3,0,0,512,64,27.76543,20
rand,kripke,3,0,0,512,64,29.18151,20
spr,kripke,4,0,1,512,64,28.84757,20
pak,kripke,4,0,1,512,64,27.81514,20
rand,kripke,4,0,1,512,64,28.88754,20
spr,kripke,5,0,2,512,64,28.60693,20
pak,kripke,5,0,2,512,64,28.81961,20
rand,kripke,5,0,2,512,64,28.69690,20
spr,kripke,1,2,0,512,80,24.74035,20
pak,kripke,1,2,0,512,80,24.43530,20
rand,kripke,1,2,0,512,80,24.40125,20
spr,kripke,2,1,0,512,80,24.55019,20
pak,kripke,2,1,0,512,80,23.98837,20
rand,kripke,2,1,0,512,80,24.40504,20
spr,kripke,3,0,0,512,80,24.41935,20
pak,kripke,3,0,0,512,80,24.44124,20
rand,kripke,3,0,0,512,80,24.23922,20
spr,kripke,4,0,1,512,80,24.38836,20
pak,kripke,4,0,1,512,80,24.14633,20
rand,kripke,4,0,1,512,80,24.10177,20
spr,kripke,5,0,2,512,80,24.28634,20
pak,kripke,5,0,2,512,80,24.42634,20
rand,kripke,5,0,2,512,80,24.32642,20
spr,kripke,1,2,0,512,115,23.45128,20
pak,kripke,1,2,0,512,115,23.52417,20
rand,kripke,1,2,0,512,115,23.37820,20
spr,kripke,2,1,0,512,115,23.61427,20
pak,kripke,2,1,0,512,115,23.53024,20
rand,kripke,2,1,0,512,115,23.57727,20
spr,kripke,3,0,0,512,115,23.60728,20
pak,kripke,3,0,0,512,115,23.38328,20
rand,kripke,3,0,0,512,115,23.23823,20
spr,kripke,4,0,1,512,115,23.32122,20
pak,kripke,4,0,1,512,115,23.52434,20
rand,kripke,4,0,1,512,115,23.42490,20
spr,kripke,5,0,2,512,115,23.36532,20
pak,kripke,5,0,2,512,115,23.53927,20
rand,kripke,5,0,2,512,115,23.38960,20
spr,kripke,1,2,0,512,64,32.96883,24
pak,kripke,1,2,0,512,64,31.96664,24
rand,kripke,1,2,0,512,64,33.72563,24
spr,kripke,2,1,0,512,64,32.77080,24
pak,kripke,2,1,0,512,64,32.10425,24
rand,kripke,2,1,0,512,64,33.10359,24
spr,kripke,3,0,0,512,64,32.95495,24
pak,kripke,3,0,0,512,64,31.97684,24
rand,kripke,3,0,0,512,64,33.07455,24
spr,kripke,4,0,1,512,64,32.78377,24
pak,kripke,4,0,1,512,64,32.19669,24
rand,kripke,4,0,1,512,64,33.30378,24
spr,kripke,5,0,2,512,64,32.84288,24
pak,kripke,5,0,2,512,64,31.91977,24
rand,kripke,5,0,2,512,64,32.37991,24
spr,kripke,1,2,0,512,80,27.03543,24
pak,kripke,1,2,0,512,80,26.68248,24
rand,kripke,1,2,0,512,80,27.38438,24
spr,kripke,2,1,0,512,80,27.12843,24
pak,kripke,2,1,0,512,80,26.71748,24
rand,kripke,2,1,0,512,80,27.90329,24
spr,kripke,3,0,0,512,80,27.37340,24
pak,kripke,3,0,0,512,80,26.70039,24
rand,kripke,3,0,0,512,80,27.72637,24
spr,kripke,4,0,1,512,80,27.10845,24
pak,kripke,4,0,1,512,80,26.79153,24
rand,kripke,4,0,1,512,80,27.12950,24
spr,kripke,5,0,2,512,80,27.23952,24
pak,kripke,5,0,2,512,80,26.55147,24
rand,kripke,5,0,2,512,80,27.44898,24
spr,kripke,1,2,0,512,115,25.20936,24
pak,kripke,1,2,0,512,115,25.33038,24
rand,kripke,1,2,0,512,115,25.04519,24
spr,kripke,2,1,0,512,115,24.99132,24
pak,kripke,2,1,0,512,115,25.22940,24
rand,kripke,2,1,0,512,115,25.10494,24
spr,kripke,3,0,0,512,115,24.98332,24
pak,kripke,3,0,0,512,115,25.02735,24
rand,kripke,3,0,0,512,115,25.08285,24
spr,kripke,4,0,1,512,115,25.02327,24
pak,kripke,4,0,1,512,115,25.30433,24
rand,kripke,4,0,1,512,115,24.96013,24
spr,kripke,5,0,2,512,115,25.14637,24
pak,kripke,5,0,2,512,115,25.06333,24
rand,kripke,5,0,2,512,115,25.17106,24
spr,CoMD,1,2,0,512,64,39.4856,16
pak,CoMD,1,2,0,512,64,35.8287,16
rand,CoMD,1,2,0,512,64,41.5681,16
spr,CoMD,2,1,0,512,64,38.4217,16
pak,CoMD,2,1,0,512,64,37.8492,16
rand,CoMD,2,1,0,512,64,39.5879,16
spr,CoMD,3,0,0,512,64,39.6499,16
pak,CoMD,3,0,0,512,64,36.9350,16
rand,CoMD,3,0,0,512,64,39.3345,16
spr,CoMD,4,0,1,512,64,37.0282,16
pak,CoMD,4,0,1,512,64,36.8455,16
rand,CoMD,4,0,1,512,64,39.9155,16
spr,CoMD,5,0,2,512,64,38.6121,16
pak,CoMD,5,0,2,512,64,37.0098,16
rand,CoMD,5,0,2,512,64,38.2594,16
spr,CoMD,1,2,0,512,80,35.7045,16
pak,CoMD,1,2,0,512,80,34.0391,16
rand,CoMD,1,2,0,512,80,35.4028,16
spr,CoMD,2,1,0,512,80,34.8359,16
pak,CoMD,2,1,0,512,80,34.6894,16
rand,CoMD,2,1,0,512,80,37.3806,16
spr,CoMD,3,0,0,512,80,34.7461,16
pak,CoMD,3,0,0,512,80,33.8352,16
rand,CoMD,3,0,0,512,80,34.9554,16
spr,CoMD,4,0,1,512,80,33.9249,16
pak,CoMD,4,0,1,512,80,33.9109,16
rand,CoMD,4,0,1,512,80,33.9146,16
spr,CoMD,5,0,2,512,80,33.5766,16
pak,CoMD,5,0,2,512,80,35.3372,16
rand,CoMD,5,0,2,512,80,35.8816,16
pak,CoMD,1,2,0,512,115,34.8292,16
rand,CoMD,1,2,0,512,115,36.8576,16
spr,CoMD,2,1,0,512,115,36.0956,16
pak,CoMD,2,1,0,512,115,35.4795,16
rand,CoMD,2,1,0,512,115,36.0533,16
spr,CoMD,3,0,0,512,115,34.0974,16
pak,CoMD,3,0,0,512,115,35.8808,16
rand,CoMD,3,0,0,512,115,34.5862,16
spr,CoMD,4,0,1,512,115,35.5614,16
pak,CoMD,4,0,1,512,115,35.0184,16
rand,CoMD,4,0,1,512,115,35.8466,16
spr,CoMD,5,0,2,512,115,34.8220,16
pak,CoMD,5,0,2,512,115,33.4010,16
rand,CoMD,5,0,2,512,115,35.6440,16
spr,CoMD,1,2,0,512,64,46.1885,20
pak,CoMD,1,2,0,512,64,43.5869,20
rand,CoMD,1,2,0,512,64,46.8202,20
spr,CoMD,2,1,0,512,64,44.6563,20
pak,CoMD,2,1,0,512,64,42.8861,20
rand,CoMD,2,1,0,512,64,47.5330,20
spr,CoMD,3,0,0,512,64,45.7244,20
pak,CoMD,3,0,0,512,64,43.1533,20
rand,CoMD,3,0,0,512,64,44.7492,20
spr,CoMD,4,0,1,512,64,44.1048,20
pak,CoMD,4,0,1,512,64,42.6364,20
rand,CoMD,4,0,1,512,64,43.5986,20
spr,CoMD,5,0,2,512,64,45.1758,20
pak,CoMD,5,0,2,512,64,42.8405,20
rand,CoMD,5,0,2,512,64,43.9536,20
spr,CoMD,1,2,0,512,80,39.9190,20
pak,CoMD,1,2,0,512,80,38.3182,20
rand,CoMD,1,2,0,512,80,43.2692,20
spr,CoMD,2,1,0,512,80,39.9100,20
pak,CoMD,2,1,0,512,80,39.2629,20
rand,CoMD,2,1,0,512,80,40.9692,20
spr,CoMD,3,0,0,512,80,40.2167,20
pak,CoMD,3,0,0,512,80,38.2978,20
rand,CoMD,3,0,0,512,80,40.5704,20
spr,CoMD,4,0,1,512,80,37.9400,20
pak,CoMD,4,0,1,512,80,38.2212,20
rand,CoMD,4,0,1,512,80,38.7279,20
spr,CoMD,5,0,2,512,80,38.5330,20
pak,CoMD,5,0,2,512,80,38.2510,20
rand,CoMD,5,0,2,512,80,37.9083,20
spr,CoMD,1,2,0,512,115,40.7640,20
pak,CoMD,1,2,0,512,115,39.8226,20
rand,CoMD,1,2,0,512,115,41.4232,20
spr,CoMD,2,1,0,512,115,41.2631,20
pak,CoMD,2,1,0,512,115,39.8446,20
rand,CoMD,2,1,0,512,115,40.5709,20
spr,CoMD,3,0,0,512,115,39.1163,20
pak,CoMD,3,0,0,512,115,38.1473,20
rand,CoMD,3,0,0,512,115,39.7956,20
spr,CoMD,4,0,1,512,115,38.0234,20
pak,CoMD,4,0,1,512,115,37.3701,20
rand,CoMD,4,0,1,512,115,37.3837,20
spr,CoMD,5,0,2,512,115,37.9654,20
pak,CoMD,5,0,2,512,115,37.7893,20
rand,CoMD,5,0,2,512,115,37.7376,20
spr,CoMD,1,2,0,512,64,51.3931,24
pak,CoMD,1,2,0,512,64,47.3946,24
rand,CoMD,1,2,0,512,64,53.8891,24
spr,CoMD,2,1,0,512,64,51.3236,24
pak,CoMD,2,1,0,512,64,48.1787,24
rand,CoMD,2,1,0,512,64,50.5937,24
spr,CoMD,3,0,0,512,64,50.1271,24
pak,CoMD,3,0,0,512,64,47.6891,24
rand,CoMD,3,0,0,512,64,50.2685,24
spr,CoMD,4,0,1,512,64,49.3084,24
pak,CoMD,4,0,1,512,64,47.3286,24
rand,CoMD,4,0,1,512,64,48.6047,24
spr,CoMD,5,0,2,512,64,49.8253,24
pak,CoMD,5,0,2,512,64,48.3123,24
rand,CoMD,5,0,2,512,64,49.1782,24
spr,CoMD,1,2,0,512,80,44.5447,24
pak,CoMD,1,2,0,512,80,40.7837,24
rand,CoMD,1,2,0,512,80,45.9374,24
spr,CoMD,2,1,0,512,80,43.3705,24
pak,CoMD,2,1,0,512,80,40.9296,24
rand,CoMD,2,1,0,512,80,43.5659,24
spr,CoMD,3,0,0,512,80,43.1641,24
pak,CoMD,3,0,0,512,80,41.2325,24
rand,CoMD,3,0,0,512,80,43.6065,24
spr,CoMD,4,0,1,512,80,41.1781,24
pak,CoMD,4,0,1,512,80,41.2599,24
rand,CoMD,4,0,1,512,80,42.0794,24
spr,CoMD,5,0,2,512,80,41.8364,24
pak,CoMD,5,0,2,512,80,41.3121,24
rand,CoMD,5,0,2,512,80,41.1514,24
spr,CoMD,1,2,0,512,115,42.0730,24
pak,CoMD,1,2,0,512,115,39.2610,24
rand,CoMD,1,2,0,512,115,44.6940,24
spr,CoMD,2,1,0,512,115,42.1447,24
pak,CoMD,2,1,0,512,115,39.7869,24
rand,CoMD,2,1,0,512,115,42.6796,24
spr,CoMD,3,0,0,512,115,40.8211,24
pak,CoMD,3,0,0,512,115,39.1388,24
rand,CoMD,3,0,0,512,115,40.5600,24
spr,CoMD,4,0,1,512,115,39.2648,24
pak,CoMD,4,0,1,512,115,38.4736,24
rand,CoMD,4,0,1,512,115,39.4218,24
spr,CoMD,5,0,2,512,115,39.7904,24
pak,CoMD,5,0,2,512,115,39.3817,24
rand,CoMD,5,0,2,512,115,39.3005,24
spr,ft,1,2,0,512,64,61.58,16
pak,ft,1,2,0,512,64,47.44,16
rand,ft,1,2,0,512,64,62.27,16
spr,ft,2,1,0,512,64,56.43,16
pak,ft,2,1,0,512,64,47.04,16
rand,ft,2,1,0,512,64,59.64,16
spr,ft,3,0,0,512,64,49.05,16
pak,ft,3,0,0,512,64,46.05,16
rand,ft,3,0,0,512,64,51.50,16
spr,ft,4,0,1,512,64,41.29,16
pak,ft,4,0,1,512,64,42.38,16
rand,ft,4,0,1,512,64,42.46,16
spr,ft,5,0,2,512,64,41.48,16
pak,ft,5,0,2,512,64,41.76,16
rand,ft,5,0,2,512,64,43.97,16
spr,ft,1,2,0,512,80,57.76,16
pak,ft,1,2,0,512,80,43.42,16
rand,ft,1,2,0,512,80,57.25,16
spr,ft,2,1,0,512,80,51.99,16
pak,ft,2,1,0,512,80,43.56,16
rand,ft,2,1,0,512,80,56.51,16
spr,ft,3,0,0,512,80,44.77,16
pak,ft,3,0,0,512,80,42.48,16
rand,ft,3,0,0,512,80,45.25,16
spr,ft,4,0,1,512,80,36.62,16
pak,ft,4,0,1,512,80,38.50,16
rand,ft,4,0,1,512,80,35.27,16
spr,ft,5,0,2,512,80,36.49,16
pak,ft,5,0,2,512,80,37.73,16
rand,ft,5,0,2,512,80,38.07,16
pak,ft,1,2,0,512,115,43.10,16
rand,ft,1,2,0,512,115,56.87,16
spr,ft,2,1,0,512,115,51.26,16
pak,ft,2,1,0,512,115,43.46,16
rand,ft,2,1,0,512,115,53.99,16
spr,ft,3,0,0,512,115,43.69,16
pak,ft,3,0,0,512,115,42.11,16
rand,ft,3,0,0,512,115,45.11,16
spr,ft,4,0,1,512,115,35.18,16
pak,ft,4,0,1,512,115,38.08,16
rand,ft,4,0,1,512,115,37.06,16
spr,ft,5,0,2,512,115,35.14,16
pak,ft,5,0,2,512,115,37.41,16
rand,ft,5,0,2,512,115,36.86,16
spr,ft,1,2,0,512,64,77.50,20
pak,ft,1,2,0,512,64,60.60,20
rand,ft,1,2,0,512,64,79.76,20
spr,ft,2,1,0,512,64,65.42,20
pak,ft,2,1,0,512,64,58.79,20
rand,ft,2,1,0,512,64,67.19,20
spr,ft,3,0,0,512,64,56.13,20
pak,ft,3,0,0,512,64,54.95,20
rand,ft,3,0,0,512,64,58.67,20
spr,ft,4,0,1,512,64,50.06,20
pak,ft,4,0,1,512,64,52.09,20
rand,ft,4,0,1,512,64,51.81,20
spr,ft,5,0,2,512,64,49.97,20
pak,ft,5,0,2,512,64,51.73,20
rand,ft,5,0,2,512,64,50.38,20
spr,ft,1,2,0,512,80,66.83,20
pak,ft,1,2,0,512,80,55.55,20
rand,ft,1,2,0,512,80,68.58,20
spr,ft,2,1,0,512,80,59.55,20
pak,ft,2,1,0,512,80,54.66,20
rand,ft,2,1,0,512,80,64.35,20
spr,ft,3,0,0,512,80,51.05,20
pak,ft,3,0,0,512,80,50.12,20
rand,ft,3,0,0,512,80,53.24,20
spr,ft,4,0,1,512,80,44.50,20
pak,ft,4,0,1,512,80,46.97,20
rand,ft,4,0,1,512,80,45.33,20
spr,ft,5,0,2,512,80,44.06,20
pak,ft,5,0,2,512,80,46.52,20
rand,ft,5,0,2,512,80,45.33,20
spr,ft,1,2,0,512,115,64.73,20
pak,ft,1,2,0,512,115,54.50,20
rand,ft,1,2,0,512,115,71.20,20
spr,ft,2,1,0,512,115,57.38,20
pak,ft,2,1,0,512,115,52.77,20
rand,ft,2,1,0,512,115,61.44,20
spr,ft,3,0,0,512,115,48.55,20
pak,ft,3,0,0,512,115,48.42,20
rand,ft,3,0,0,512,115,49.53,20
spr,ft,4,0,1,512,115,42.15,20
pak,ft,4,0,1,512,115,44.89,20
rand,ft,4,0,1,512,115,41.00,20
spr,ft,5,0,2,512,115,41.88,20
pak,ft,5,0,2,512,115,44.18,20
rand,ft,5,0,2,512,115,42.71,20
spr,ft,1,2,0,512,64,78.52,24
pak,ft,1,2,0,512,64,62.86,24
rand,ft,1,2,0,512,64,88.83,24
spr,ft,2,1,0,512,64,78.00,24
pak,ft,2,1,0,512,64,62.62,24
rand,ft,2,1,0,512,64,79.11,24
spr,ft,3,0,0,512,64,64.42,24
pak,ft,3,0,0,512,64,59.39,24
rand,ft,3,0,0,512,64,69.23,24
spr,ft,4,0,1,512,64,57.88,24
pak,ft,4,0,1,512,64,56.63,24
rand,ft,4,0,1,512,64,59.51,24
spr,ft,5,0,2,512,64,57.81,24
pak,ft,5,0,2,512,64,56.62,24
rand,ft,5,0,2,512,64,58.09,24
spr,ft,1,2,0,512,80,76.56,24
pak,ft,1,2,0,512,80,56.19,24
rand,ft,1,2,0,512,80,79.61,24
spr,ft,2,1,0,512,80,66.91,24
pak,ft,2,1,0,512,80,55.94,24
rand,ft,2,1,0,512,80,71.68,24
spr,ft,3,0,0,512,80,58.28,24
pak,ft,3,0,0,512,80,52.91,24
rand,ft,3,0,0,512,80,58.80,24
spr,ft,4,0,1,512,80,51.23,24
pak,ft,4,0,1,512,80,50.29,24
rand,ft,4,0,1,512,80,57.38,24
spr,ft,5,0,2,512,80,50.90,24
pak,ft,5,0,2,512,80,50.31,24
rand,ft,5,0,2,512,80,50.13,24
spr,ft,1,2,0,512,115,70.08,24
pak,ft,1,2,0,512,115,51.29,24
rand,ft,1,2,0,512,115,77.17,24
spr,ft,2,1,0,512,115,62.64,24
pak,ft,2,1,0,512,115,51.43,24
rand,ft,2,1,0,512,115,68.15,24
spr,ft,3,0,0,512,115,54.31,24
pak,ft,3,0,0,512,115,48.36,24
rand,ft,3,0,0,512,115,55.42,24
spr,ft,4,0,1,512,115,47.47,24
pak,ft,4,0,1,512,115,45.46,24
rand,ft,4,0,1,512,115,45.34,24
spr,ft,5,0,2,512,115,46.94,24
pak,ft,5,0,2,512,115,45.41,24
rand,ft,5,0,2,512,115,46.17,24
spr,lu,1,2,0,512,64,74.61,16
pak,lu,1,2,0,512,64,65.83,16
rand,lu,1,2,0,512,64,75.79,16
spr,lu,2,1,0,512,64,68.52,16
pak,lu,2,1,0,512,64,66.41,16
rand,lu,2,1,0,512,64,68.91,16
spr,lu,3,0,0,512,64,66.48,16
pak,lu,3,0,0,512,64,66.01,16
rand,lu,3,0,0,512,64,66.75,16
spr,lu,4,0,1,512,64,66.46,16
pak,lu,4,0,1,512,64,65.61,16
rand,lu,4,0,1,512,64,66.66,16
spr,lu,5,0,2,512,64,66.49,16
pak,lu,5,0,2,512,64,65.39,16
rand,lu,5,0,2,512,64,66.96,16
spr,lu,1,2,0,512,80,68.46,16
pak,lu,1,2,0,512,80,60.31,16
rand,lu,1,2,0,512,80,69.99,16
spr,lu,2,1,0,512,80,61.81,16
pak,lu,2,1,0,512,80,60.24,16
rand,lu,2,1,0,512,80,62.68,16
spr,lu,3,0,0,512,80,60.66,16
pak,lu,3,0,0,512,80,59.95,16
rand,lu,3,0,0,512,80,60.51,16
spr,lu,4,0,1,512,80,59.59,16
pak,lu,4,0,1,512,80,60.38,16
rand,lu,4,0,1,512,80,60.27,16
spr,lu,5,0,2,512,80,59.94,16
pak,lu,5,0,2,512,80,60.14,16
rand,lu,5,0,2,512,80,59.89,16
pak,lu,1,2,0,512,115,60.08,16
rand,lu,1,2,0,512,115,70.00,16
spr,lu,2,1,0,512,115,60.95,16
pak,lu,2,1,0,512,115,60.95,16
rand,lu,2,1,0,512,115,61.02,16
spr,lu,3,0,0,512,115,59.72,16
pak,lu,3,0,0,512,115,60.24,16
rand,lu,3,0,0,512,115,60.12,16
spr,lu,4,0,1,512,115,59.76,16
pak,lu,4,0,1,512,115,60.31,16
rand,lu,4,0,1,512,115,59.78,16
spr,lu,5,0,2,512,115,59.82,16
pak,lu,5,0,2,512,115,60.43,16
rand,lu,5,0,2,512,115,59.57,16
spr,lu,1,2,0,512,64,84.54,20
pak,lu,1,2,0,512,64,76.82,20
rand,lu,1,2,0,512,64,85.89,20
spr,lu,2,1,0,512,64,78.64,20
pak,lu,2,1,0,512,64,76.18,20
rand,lu,2,1,0,512,64,79.92,20
spr,lu,3,0,0,512,64,78.51,20
pak,lu,3,0,0,512,64,75.76,20
rand,lu,3,0,0,512,64,77.59,20
spr,lu,4,0,1,512,64,78.07,20
pak,lu,4,0,1,512,64,74.98,20
rand,lu,4,0,1,512,64,79.62,20
spr,lu,5,0,2,512,64,77.87,20
pak,lu,5,0,2,512,64,76.32,20
rand,lu,5,0,2,512,64,79.22,20
spr,lu,1,2,0,512,80,74.24,20
pak,lu,1,2,0,512,80,68.73,20
rand,lu,1,2,0,512,80,77.68,20
spr,lu,2,1,0,512,80,69.10,20
pak,lu,2,1,0,512,80,67.56,20
rand,lu,2,1,0,512,80,68.94,20
spr,lu,3,0,0,512,80,68.06,20
pak,lu,3,0,0,512,80,68.12,20
rand,lu,3,0,0,512,80,68.14,20
spr,lu,4,0,1,512,80,67.70,20
pak,lu,4,0,1,512,80,67.97,20
rand,lu,4,0,1,512,80,68.85,20
spr,lu,5,0,2,512,80,67.75,20
pak,lu,5,0,2,512,80,67.50,20
rand,lu,5,0,2,512,80,68.31,20
spr,lu,1,2,0,512,115,72.28,20
pak,lu,1,2,0,512,115,66.63,20
rand,lu,1,2,0,512,115,75.33,20
spr,lu,2,1,0,512,115,66.02,20
pak,lu,2,1,0,512,115,65.48,20
rand,lu,2,1,0,512,115,66.02,20
spr,lu,3,0,0,512,115,65.31,20
pak,lu,3,0,0,512,115,65.81,20
rand,lu,3,0,0,512,115,65.21,20
spr,lu,4,0,1,512,115,65.73,20
pak,lu,4,0,1,512,115,65.52,20
rand,lu,4,0,1,512,115,65.22,20
spr,lu,5,0,2,512,115,65.49,20
pak,lu,5,0,2,512,115,65.75,20
rand,lu,5,0,2,512,115,64.97,20
spr,lu,1,2,0,512,64,92.60,24
pak,lu,1,2,0,512,64,88.94,24
rand,lu,1,2,0,512,64,101.62,24
spr,lu,2,1,0,512,64,89.72,24
pak,lu,2,1,0,512,64,88.96,24
rand,lu,2,1,0,512,64,90.94,24
spr,lu,3,0,0,512,64,88.64,24
pak,lu,3,0,0,512,64,88.32,24
rand,lu,3,0,0,512,64,89.03,24
spr,lu,4,0,1,512,64,88.57,24
pak,lu,4,0,1,512,64,88.80,24
rand,lu,4,0,1,512,64,89.20,24
spr,lu,5,0,2,512,64,88.31,24
pak,lu,5,0,2,512,64,88.56,24
rand,lu,5,0,2,512,64,88.04,24
spr,lu,1,2,0,512,80,80.65,24
pak,lu,1,2,0,512,80,75.82,24
rand,lu,1,2,0,512,80,80.15,24
spr,lu,2,1,0,512,80,75.84,24
pak,lu,2,1,0,512,80,76.09,24
rand,lu,2,1,0,512,80,77.20,24
spr,lu,3,0,0,512,80,75.76,24
pak,lu,3,0,0,512,80,76.61,24
rand,lu,3,0,0,512,80,76.79,24
spr,lu,4,0,1,512,80,74.96,24
pak,lu,4,0,1,512,80,76.01,24
rand,lu,4,0,1,512,80,74.98,24
spr,lu,5,0,2,512,80,74.99,24
pak,lu,5,0,2,512,80,76.11,24
rand,lu,5,0,2,512,80,76.35,24
spr,lu,1,2,0,512,115,75.63,24
pak,lu,1,2,0,512,115,70.36,24
rand,lu,1,2,0,512,115,77.74,24
spr,lu,2,1,0,512,115,70.77,24
pak,lu,2,1,0,512,115,70.33,24
rand,lu,2,1,0,512,115,71.34,24
spr,lu,3,0,0,512,115,70.07,24
pak,lu,3,0,0,512,115,70.22,24
rand,lu,3,0,0,512,115,69.85,24
spr,lu,4,0,1,512,115,69.86,24
pak,lu,4,0,1,512,115,70.43,24
rand,lu,4,0,1,512,115,69.94,24
spr,lu,5,0,2,512,115,70.12,24
pak,lu,5,0,2,512,115,70.51,24
rand,lu,5,0,2,512,115,69.00,24
spr,mg,1,2,0,512,64,89.85,16
pak,mg,1,2,0,512,64,66.23,16
rand,mg,1,2,0,512,64,95.43,16
spr,mg,2,1,0,512,64,70.42,16
pak,mg,2,1,0,512,64,64.88,16
rand,mg,2,1,0,512,64,71.72,16
spr,mg,3,0,0,512,64,66.13,16
pak,mg,3,0,0,512,64,63.80,16
rand,mg,3,0,0,512,64,66.37,16
spr,mg,4,0,1,512,64,65.44,16
pak,mg,4,0,1,512,64,63.98,16
rand,mg,4,0,1,512,64,64.71,16
spr,mg,5,0,2,512,64,64.92,16
pak,mg,5,0,2,512,64,63.57,16
rand,mg,5,0,2,512,64,64.54,16
spr,mg,1,2,0,512,80,86.71,16
pak,mg,1,2,0,512,80,63.40,16
rand,mg,1,2,0,512,80,88.42,16
spr,mg,2,1,0,512,80,66.75,16
pak,mg,2,1,0,512,80,62.00,16
rand,mg,2,1,0,512,80,68.36,16
spr,mg,3,0,0,512,80,62.22,16
pak,mg,3,0,0,512,80,60.85,16
rand,mg,3,0,0,512,80,62.07,16
spr,mg,4,0,1,512,80,60.92,16
pak,mg,4,0,1,512,80,60.80,16
rand,mg,4,0,1,512,80,59.79,16
spr,mg,5,0,2,512,80,60.96,16
pak,mg,5,0,2,512,80,60.82,16
rand,mg,5,0,2,512,80,60.08,16
pak,mg,1,2,0,512,115,61.75,16
rand,mg,1,2,0,512,115,78.15,16
spr,mg,2,1,0,512,115,65.80,16
pak,mg,2,1,0,512,115,61.63,16
rand,mg,2,1,0,512,115,66.83,16
spr,mg,3,0,0,512,115,61.59,16
pak,mg,3,0,0,512,115,60.59,16
rand,mg,3,0,0,512,115,61.06,16
spr,mg,4,0,1,512,115,60.59,16
pak,mg,4,0,1,512,115,60.38,16
rand,mg,4,0,1,512,115,60.20,16
spr,mg,5,0,2,512,115,60.25,16
pak,mg,5,0,2,512,115,60.52,16
rand,mg,5,0,2,512,115,60.28,16
spr,mg,1,2,0,512,64,99.66,20
pak,mg,1,2,0,512,64,83.14,20
rand,mg,1,2,0,512,64,96.11,20
spr,mg,2,1,0,512,64,83.72,20
pak,mg,2,1,0,512,64,78.99,20
rand,mg,2,1,0,512,64,84.15,20
spr,mg,3,0,0,512,64,80.01,20
pak,mg,3,0,0,512,64,77.46,20
rand,mg,3,0,0,512,64,79.68,20
spr,mg,4,0,1,512,64,78.41,20
pak,mg,4,0,1,512,64,77.32,20
rand,mg,4,0,1,512,64,78.38,20
spr,mg,5,0,2,512,64,78.17,20
pak,mg,5,0,2,512,64,76.98,20
rand,mg,5,0,2,512,64,77.87,20
spr,mg,1,2,0,512,80,93.32,20
pak,mg,1,2,0,512,80,80.07,20
rand,mg,1,2,0,512,80,95.69,20
spr,mg,2,1,0,512,80,78.01,20
pak,mg,2,1,0,512,80,75.49,20
rand,mg,2,1,0,512,80,79.71,20
spr,mg,3,0,0,512,80,74.08,20
pak,mg,3,0,0,512,80,73.26,20
rand,mg,3,0,0,512,80,73.79,20
spr,mg,4,0,1,512,80,73.13,20
pak,mg,4,0,1,512,80,73.09,20
rand,mg,4,0,1,512,80,72.65,20
spr,mg,5,0,2,512,80,72.84,20
pak,mg,5,0,2,512,80,73.07,20
rand,mg,5,0,2,512,80,72.88,20
spr,mg,1,2,0,512,115,91.36,20
pak,mg,1,2,0,512,115,79.67,20
rand,mg,1,2,0,512,115,93.50,20
spr,mg,2,1,0,512,115,76.74,20
pak,mg,2,1,0,512,115,74.73,20
rand,mg,2,1,0,512,115,77.21,20
spr,mg,3,0,0,512,115,72.86,20
pak,mg,3,0,0,512,115,72.42,20
rand,mg,3,0,0,512,115,72.44,20
spr,mg,4,0,1,512,115,71.45,20
pak,mg,4,0,1,512,115,72.10,20
rand,mg,4,0,1,512,115,71.49,20
spr,mg,5,0,2,512,115,71.35,20
pak,mg,5,0,2,512,115,72.16,20
rand,mg,5,0,2,512,115,70.94,20
spr,mg,1,2,0,512,64,113.30,24
pak,mg,1,2,0,512,64,91.83,24
rand,mg,1,2,0,512,64,120.79,24
spr,mg,2,1,0,512,64,98.21,24
pak,mg,2,1,0,512,64,91.60,24
rand,mg,2,1,0,512,64,97.40,24
spr,mg,3,0,0,512,64,93.24,24
pak,mg,3,0,0,512,64,90.90,24
rand,mg,3,0,0,512,64,91.82,24
spr,mg,4,0,1,512,64,91.58,24
pak,mg,4,0,1,512,64,90.79,24
rand,mg,4,0,1,512,64,93.25,24
spr,mg,5,0,2,512,64,91.63,24
pak,mg,5,0,2,512,64,91.09,24
rand,mg,5,0,2,512,64,91.33,24
spr,mg,1,2,0,512,80,107.98,24
pak,mg,1,2,0,512,80,86.21,24
rand,mg,1,2,0,512,80,112.07,24
spr,mg,2,1,0,512,80,91.11,24
pak,mg,2,1,0,512,80,86.16,24
rand,mg,2,1,0,512,80,92.02,24
spr,mg,3,0,0,512,80,86.36,24
pak,mg,3,0,0,512,80,85.50,24
rand,mg,3,0,0,512,80,85.26,24
spr,mg,4,0,1,512,80,85.13,24
pak,mg,4,0,1,512,80,85.46,24
rand,mg,4,0,1,512,80,84.36,24
spr,mg,5,0,2,512,80,85.23,24
pak,mg,5,0,2,512,80,85.45,24
rand,mg,5,0,2,512,80,84.05,24
spr,mg,1,2,0,512,115,105.00,24
pak,mg,1,2,0,512,115,84.91,24
rand,mg,1,2,0,512,115,110.04,24
spr,mg,2,1,0,512,115,89.06,24
pak,mg,2,1,0,512,115,84.72,24
rand,mg,2,1,0,512,115,90.12,24
spr,mg,3,0,0,512,115,84.55,24
pak,mg,3,0,0,512,115,84.01,24
rand,mg,3,0,0,512,115,83.44,24
spr,mg,4,0,1,512,115,82.97,24
pak,mg,4,0,1,512,115,84.01,24
rand,mg,4,0,1,512,115,83.29,24
spr,mg,5,0,2,512,115,83.35,24
pak,mg,5,0,2,512,115,84.07,24
rand,mg,5,0,2,512,115,82.51,24
rand,kripke,1,2,0,512,64,25.42490,16
rand,kripke,2,1,0,512,64,25.69109,16
rand,kripke,3,0,0,512,64,25.42306,16
rand,kripke,4,0,1,512,64,25.25618,16
rand,kripke,5,0,2,512,64,25.29508,16
rand,kripke,1,2,0,512,80,22.30607,16
rand,kripke,2,1,0,512,80,22.10503,16
rand,kripke,3,0,0,512,80,22.49290,16
rand,kripke,4,0,1,512,80,22.00077,16
rand,kripke,5,0,2,512,80,22.40225,16
rand,kripke,1,2,0,512,115,22.27208,16
rand,kripke,2,1,0,512,115,21.78080,16
rand,kripke,3,0,0,512,115,22.00604,16
rand,kripke,4,0,1,512,115,21.92096,16
rand,kripke,5,0,2,512,115,21.69916,16
rand,kripke,1,2,0,512,64,29.24745,20
rand,kripke,2,1,0,512,64,29.21715,20
rand,kripke,3,0,0,512,64,29.21153,20
rand,kripke,4,0,1,512,64,28.81960,20
rand,kripke,5,0,2,512,64,29.48254,20
rand,kripke,1,2,0,512,80,24.68912,20
rand,kripke,2,1,0,512,80,24.41008,20
rand,kripke,3,0,0,512,80,24.58534,20
rand,kripke,4,0,1,512,80,24.57297,20
rand,kripke,5,0,2,512,80,24.50203,20
rand,kripke,1,2,0,512,115,23.63925,20
rand,kripke,2,1,0,512,115,23.40590,20
rand,kripke,3,0,0,512,115,23.25985,20
rand,kripke,4,0,1,512,115,23.36396,20
rand,kripke,5,0,2,512,115,23.33454,20
rand,kripke,1,2,0,512,64,33.43514,24
rand,kripke,2,1,0,512,64,33.19879,24
rand,kripke,3,0,0,512,64,33.55439,24
rand,kripke,4,0,1,512,64,33.79035,24
rand,kripke,5,0,2,512,64,33.57971,24
rand,kripke,1,2,0,512,80,27.91946,24
rand,kripke,2,1,0,512,80,27.37243,24
rand,kripke,3,0,0,512,80,27.62826,24
rand,kripke,4,0,1,512,80,27.47114,24
rand,kripke,5,0,2,512,80,27.19590,24
rand,kripke,1,2,0,512,115,25.38519,24
rand,kripke,2,1,0,512,115,25.12792,24
rand,kripke,3,0,0,512,115,25.07643,24
rand,kripke,4,0,1,512,115,25.31132,24
rand,kripke,5,0,2,512,115,25.15094,24
rand,CoMD,1,2,0,512,64,40.5446,16
rand,CoMD,2,1,0,512,64,38.3002,16
rand,CoMD,3,0,0,512,64,37.5412,16
rand,CoMD,4,0,1,512,64,38.1761,16
rand,CoMD,5,0,2,512,64,37.2467,16
rand,CoMD,1,2,0,512,80,36.4466,16
rand,CoMD,2,1,0,512,80,34.7423,16
rand,CoMD,3,0,0,512,80,35.0206,16
rand,CoMD,4,0,1,512,80,34.9710,16
rand,CoMD,5,0,2,512,80,34.2762,16
rand,CoMD,1,2,0,512,115,37.1949,16
rand,CoMD,2,1,0,512,115,35.3526,16
rand,CoMD,3,0,0,512,115,35.2080,16
rand,CoMD,4,0,1,512,115,34.5600,16
rand,CoMD,5,0,2,512,115,33.9367,16
rand,CoMD,1,2,0,512,64,47.5484,20
rand,CoMD,2,1,0,512,64,46.6069,20
rand,CoMD,3,0,0,512,64,45.0535,20
rand,CoMD,4,0,1,512,64,43.7073,20
rand,CoMD,5,0,2,512,64,43.6000,20
rand,CoMD,1,2,0,512,80,41.7604,20
rand,CoMD,2,1,0,512,80,42.5271,20
rand,CoMD,3,0,0,512,80,40.1230,20
rand,CoMD,4,0,1,512,80,38.3758,20
rand,CoMD,5,0,2,512,80,38.4931,20
rand,CoMD,1,2,0,512,115,42.1792,20
rand,CoMD,2,1,0,512,115,40.2207,20
rand,CoMD,3,0,0,512,115,38.3543,20
rand,CoMD,4,0,1,512,115,37.2856,20
rand,CoMD,5,0,2,512,115,36.0056,20
rand,CoMD,1,2,0,512,64,51.0499,24
rand,CoMD,2,1,0,512,64,50.3551,24
rand,CoMD,3,0,0,512,64,49.4014,24
rand,CoMD,4,0,1,512,64,48.1675,24
rand,CoMD,5,0,2,512,64,46.7518,24
rand,CoMD,1,2,0,512,80,45.2929,24
rand,CoMD,2,1,0,512,80,44.7775,24
rand,CoMD,3,0,0,512,80,42.7860,24
rand,CoMD,4,0,1,512,80,40.4760,24
rand,CoMD,5,0,2,512,80,40.2799,24
rand,CoMD,1,2,0,512,115,42.3952,24
rand,CoMD,2,1,0,512,115,42.5873,24
rand,CoMD,3,0,0,512,115,40.1533,24
rand,CoMD,4,0,1,512,115,39.1330,24
rand,CoMD,5,0,2,512,115,38.1979,24
rand,ft,1,2,0,512,64,60.40,16
rand,ft,2,1,0,512,64,60.08,16
rand,ft,3,0,0,512,64,51.65,16
rand,ft,4,0,1,512,64,43.48,16
rand,ft,5,0,2,512,64,43.84,16
rand,ft,1,2,0,512,80,57.60,16
rand,ft,2,1,0,512,80,54.29,16
rand,ft,3,0,0,512,80,47.26,16
rand,ft,4,0,1,512,80,39.22,16
rand,ft,5,0,2,512,80,37.28,16
rand,ft,1,2,0,512,115,57.53,16
rand,ft,2,1,0,512,115,51.61,16
rand,ft,3,0,0,512,115,44.02,16
rand,ft,4,0,1,512,115,38.29,16
rand,ft,5,0,2,512,115,37.58,16
rand,ft,1,2,0,512,64,75.25,20
rand,ft,2,1,0,512,64,69.01,20
rand,ft,3,0,0,512,64,57.15,20
rand,ft,4,0,1,512,64,51.81,20
rand,ft,5,0,2,512,64,50.41,20
rand,ft,1,2,0,512,80,68.55,20
rand,ft,2,1,0,512,80,62.70,20
rand,ft,3,0,0,512,80,51.09,20
rand,ft,4,0,1,512,80,47.34,20
rand,ft,5,0,2,512,80,44.32,20
rand,ft,1,2,0,512,115,74.20,20
rand,ft,2,1,0,512,115,61.58,20
rand,ft,3,0,0,512,115,48.78,20
rand,ft,4,0,1,512,115,40.96,20
rand,ft,5,0,2,512,115,41.82,20
rand,ft,1,2,0,512,64,88.38,24
rand,ft,2,1,0,512,64,77.89,24
rand,ft,3,0,0,512,64,65.98,24
rand,ft,4,0,1,512,64,57.43,24
rand,ft,5,0,2,512,64,57.35,24
rand,ft,1,2,0,512,80,76.69,24
rand,ft,2,1,0,512,80,70.74,24
rand,ft,3,0,0,512,80,61.20,24
rand,ft,4,0,1,512,80,53.78,24
rand,ft,5,0,2,512,80,53.70,24
rand,ft,1,2,0,512,115,75.49,24
rand,ft,2,1,0,512,115,65.71,24
rand,ft,3,0,0,512,115,57.38,24
rand,ft,4,0,1,512,115,48.12,24
rand,ft,5,0,2,512,115,47.29,24
rand,lu,1,2,0,512,64,75.49,16
rand,lu,2,1,0,512,64,68.09,16
rand,lu,3,0,0,512,64,66.58,16
rand,lu,4,0,1,512,64,65.99,16
rand,lu,5,0,2,512,64,65.44,16
rand,lu,1,2,0,512,80,69.88,16
rand,lu,2,1,0,512,80,62.13,16
rand,lu,3,0,0,512,80,60.49,16
rand,lu,4,0,1,512,80,59.57,16
rand,lu,5,0,2,512,80,61.15,16
rand,lu,1,2,0,512,115,67.02,16
rand,lu,2,1,0,512,115,61.37,16
rand,lu,3,0,0,512,115,60.25,16
rand,lu,4,0,1,512,115,59.20,16
rand,lu,5,0,2,512,115,59.73,16
rand,lu,1,2,0,512,64,86.15,20
rand,lu,2,1,0,512,64,79.94,20
rand,lu,3,0,0,512,64,79.55,20
rand,lu,4,0,1,512,64,76.75,20
rand,lu,5,0,2,512,64,77.07,20
rand,lu,1,2,0,512,80,72.33,20
rand,lu,2,1,0,512,80,69.07,20
rand,lu,3,0,0,512,80,68.97,20
rand,lu,4,0,1,512,80,68.30,20
rand,lu,5,0,2,512,80,67.55,20
rand,lu,1,2,0,512,115,70.98,20
rand,lu,2,1,0,512,115,66.59,20
rand,lu,3,0,0,512,115,65.23,20
rand,lu,4,0,1,512,115,65.04,20
rand,lu,5,0,2,512,115,65.11,20
rand,lu,1,2,0,512,64,93.10,24
rand,lu,2,1,0,512,64,89.35,24
rand,lu,3,0,0,512,64,87.99,24
rand,lu,4,0,1,512,64,87.71,24
rand,lu,5,0,2,512,64,88.34,24
rand,lu,1,2,0,512,80,84.33,24
rand,lu,2,1,0,512,80,75.16,24
rand,lu,3,0,0,512,80,76.39,24
rand,lu,4,0,1,512,80,75.28,24
rand,lu,5,0,2,512,80,76.42,24
rand,lu,1,2,0,512,115,78.79,24
rand,lu,2,1,0,512,115,70.87,24
rand,lu,3,0,0,512,115,70.34,24
rand,lu,4,0,1,512,115,69.42,24
rand,lu,5,0,2,512,115,70.72,24
rand,mg,1,2,0,512,64,83.91,16
rand,mg,2,1,0,512,64,70.92,16
rand,mg,3,0,0,512,64,66.64,16
rand,mg,4,0,1,512,64,64.71,16
rand,mg,5,0,2,512,64,65.03,16
rand,mg,1,2,0,512,80,79.52,16
rand,mg,2,1,0,512,80,67.35,16
rand,mg,3,0,0,512,80,61.98,16
rand,mg,4,0,1,512,80,60.94,16
rand,mg,5,0,2,512,80,60.67,16
rand,mg,1,2,0,512,115,82.56,16
rand,mg,2,1,0,512,115,66.89,16
rand,mg,3,0,0,512,115,61.99,16
rand,mg,4,0,1,512,115,60.65,16
rand,mg,5,0,2,512,115,60.21,16
rand,mg,1,2,0,512,64,96.37,20
rand,mg,2,1,0,512,64,85.20,20
rand,mg,3,0,0,512,64,80.50,20
rand,mg,4,0,1,512,64,78.80,20
rand,mg,5,0,2,512,64,77.65,20
rand,mg,1,2,0,512,80,87.76,20
rand,mg,2,1,0,512,80,79.12,20
rand,mg,3,0,0,512,80,73.75,20
rand,mg,4,0,1,512,80,72.48,20
spr,kripke,1,2,0,1024,64,26.88041,16
pak,kripke,1,2,0,1024,64,27.33389,16
rand,kripke,1,2,0,1024,64,26.89617,16
spr,kripke,2,1,0,1024,64,27.23181,16
pak,kripke,2,1,0,1024,64,27.91672,16
rand,kripke,2,1,0,1024,64,27.18929,16
spr,kripke,3,0,0,1024,64,26.94235,16
pak,kripke,3,0,0,1024,64,27.77948,16
rand,kripke,3,0,0,1024,64,26.98836,16
spr,kripke,4,0,1,1024,64,26.94407,16
pak,kripke,4,0,1,1024,64,27.32554,16
rand,kripke,4,0,1,1024,64,27.27306,16
spr,kripke,5,0,2,1024,64,27.26745,16
pak,kripke,5,0,2,1024,64,28.14219,16
rand,kripke,5,0,2,1024,64,26.89630,16
spr,kripke,1,2,0,1024,80,23.76823,16
pak,kripke,1,2,0,1024,80,24.05828,16
rand,kripke,1,2,0,1024,80,24.12030,16
spr,kripke,2,1,0,1024,80,24.28931,16
pak,kripke,2,1,0,1024,80,24.11773,16
rand,kripke,2,1,0,1024,80,24.28903,16
spr,kripke,3,0,0,1024,80,23.98432,16
pak,kripke,3,0,0,1024,80,24.30636,16
rand,kripke,3,0,0,1024,80,24.38381,16
spr,kripke,4,0,1,1024,80,23.93297,16
pak,kripke,4,0,1,1024,80,24.49236,16
rand,kripke,4,0,1,1024,80,24.29106,16
spr,kripke,5,0,2,1024,80,23.97231,16
pak,kripke,5,0,2,1024,80,23.85627,16
rand,kripke,5,0,2,1024,80,24.12107,16
spr,kripke,1,2,0,1024,115,23.57201,16
pak,kripke,1,2,0,1024,115,24.04330,16
rand,kripke,1,2,0,1024,115,23.89118,16
spr,kripke,2,1,0,1024,115,23.83828,16
pak,kripke,2,1,0,1024,115,23.86128,16
rand,kripke,2,1,0,1024,115,23.80098,16
spr,kripke,3,0,0,1024,115,23.77827,16
pak,kripke,3,0,0,1024,115,23.79411,16
rand,kripke,3,0,0,1024,115,23.65792,16
spr,kripke,4,0,1,1024,115,23.56444,16
pak,kripke,4,0,1,1024,115,23.64915,16
rand,kripke,4,0,1,1024,115,23.73828,16
spr,kripke,5,0,2,1024,115,23.78427,16
pak,kripke,5,0,2,1024,115,23.77703,16
rand,kripke,5,0,2,1024,115,23.65626,16
spr,kripke,1,2,0,1024,64,30.91632,20
pak,kripke,1,2,0,1024,64,31.21066,20
rand,kripke,1,2,0,1024,64,31.17807,20
spr,kripke,2,1,0,1024,64,30.79268,20
pak,kripke,2,1,0,1024,64,30.89379,20
rand,kripke,2,1,0,1024,64,30.68318,20
spr,kripke,3,0,0,1024,64,30.38462,20
pak,kripke,3,0,0,1024,64,31.03666,20
rand,kripke,3,0,0,1024,64,31.51060,20
spr,kripke,4,0,1,1024,64,30.92070,20
pak,kripke,4,0,1,1024,64,30.74266,20
rand,kripke,4,0,1,1024,64,31.41823,20
spr,kripke,5,0,2,1024,64,30.51841,20
pak,kripke,5,0,2,1024,64,30.85167,20
rand,kripke,5,0,2,1024,64,30.68130,20
spr,kripke,1,2,0,1024,80,26.32385,20
pak,kripke,1,2,0,1024,80,26.26140,20
rand,kripke,1,2,0,1024,80,26.99083,20
spr,kripke,2,1,0,1024,80,26.04570,20
pak,kripke,2,1,0,1024,80,26.19940,20
rand,kripke,2,1,0,1024,80,26.64767,20
spr,kripke,3,0,0,1024,80,26.09881,20
pak,kripke,3,0,0,1024,80,26.72244,20
rand,kripke,3,0,0,1024,80,26.68723,20
spr,kripke,4,0,1,1024,80,26.39145,20
pak,kripke,4,0,1,1024,80,26.41048,20
rand,kripke,4,0,1,1024,80,26.08064,20
spr,kripke,5,0,2,1024,80,26.29519,20
pak,kripke,5,0,2,1024,80,26.68542,20
rand,kripke,5,0,2,1024,80,26.16205,20
spr,kripke,1,2,0,1024,115,25.10784,20
pak,kripke,1,2,0,1024,115,25.47104,20
rand,kripke,1,2,0,1024,115,25.46263,20
spr,kripke,2,1,0,1024,115,24.90835,20
pak,kripke,2,1,0,1024,115,25.17936,20
rand,kripke,2,1,0,1024,115,25.32816,20
spr,kripke,3,0,0,1024,115,25.35111,20
pak,kripke,3,0,0,1024,115,25.22434,20
rand,kripke,3,0,0,1024,115,25.09487,20
spr,kripke,4,0,1,1024,115,24.91434,20
pak,kripke,4,0,1,1024,115,25.29449,20
rand,kripke,4,0,1,1024,115,25.28936,20
spr,kripke,5,0,2,1024,115,25.20525,20
pak,kripke,5,0,2,1024,115,25.36038,20
rand,kripke,5,0,2,1024,115,25.08242,20
spr,kripke,1,2,0,1024,64,35.00627,24
pak,kripke,1,2,0,1024,64,35.37391,24
rand,kripke,1,2,0,1024,64,35.46718,24
spr,kripke,2,1,0,1024,64,34.89404,24
pak,kripke,2,1,0,1024,64,35.41289,24
rand,kripke,2,1,0,1024,64,35.55640,24
spr,kripke,3,0,0,1024,64,35.28564,24
pak,kripke,3,0,0,1024,64,35.36392,24
rand,kripke,3,0,0,1024,64,35.87083,24
spr,kripke,4,0,1,1024,64,35.03641,24
pak,kripke,4,0,1,1024,64,35.63993,24
rand,kripke,4,0,1,1024,64,36.15373,24
spr,kripke,5,0,2,1024,64,34.85388,24
pak,kripke,5,0,2,1024,64,35.36942,24
rand,kripke,5,0,2,1024,64,35.94650,24
spr,kripke,1,2,0,1024,80,29.20858,24
pak,kripke,1,2,0,1024,80,29.36344,24
rand,kripke,1,2,0,1024,80,29.36702,24
spr,kripke,2,1,0,1024,80,29.15231,24
pak,kripke,2,1,0,1024,80,29.10392,24
rand,kripke,2,1,0,1024,80,29.48310,24
spr,kripke,3,0,0,1024,80,29.14857,24
pak,kripke,3,0,0,1024,80,29.14557,24
rand,kripke,3,0,0,1024,80,29.20953,24
spr,kripke,4,0,1,1024,80,28.96555,24
pak,kripke,4,0,1,1024,80,29.21358,24
rand,kripke,4,0,1,1024,80,29.01957,24
spr,kripke,5,0,2,1024,80,29.10957,24
pak,kripke,5,0,2,1024,80,29.15671,24
rand,kripke,5,0,2,1024,80,29.40815,24
spr,kripke,1,2,0,1024,115,26.51143,24
pak,kripke,1,2,0,1024,115,26.88842,24
rand,kripke,1,2,0,1024,115,26.95745,24
spr,kripke,2,1,0,1024,115,26.58148,24
pak,kripke,2,1,0,1024,115,26.91646,24
rand,kripke,2,1,0,1024,115,27.07601,24
spr,kripke,3,0,0,1024,115,26.64264,24
pak,kripke,3,0,0,1024,115,26.78345,24
rand,kripke,3,0,0,1024,115,26.74708,24
spr,kripke,4,0,1,1024,115,26.60623,24
pak,kripke,4,0,1,1024,115,26.92945,24
rand,kripke,4,0,1,1024,115,26.69806,24
spr,kripke,5,0,2,1024,115,26.45344,24
pak,kripke,5,0,2,1024,115,26.73563,24
rand,kripke,5,0,2,1024,115,26.69622,24
spr,CoMD,1,2,0,1024,64,40.9101,16
pak,CoMD,1,2,0,1024,64,39.2341,16
rand,CoMD,1,2,0,1024,64,40.8188,16
spr,CoMD,2,1,0,1024,64,38.9869,16
pak,CoMD,2,1,0,1024,64,38.9423,16
rand,CoMD,2,1,0,1024,64,40.3028,16
spr,CoMD,3,0,0,1024,64,38.7958,16
pak,CoMD,3,0,0,1024,64,41.0643,16
rand,CoMD,3,0,0,1024,64,39.3360,16
spr,CoMD,4,0,1,1024,64,38.8404,16
pak,CoMD,4,0,1,1024,64,40.3092,16
rand,CoMD,4,0,1,1024,64,39.6615,16
spr,CoMD,5,0,2,1024,64,38.8352,16
pak,CoMD,5,0,2,1024,64,39.7455,16
rand,CoMD,5,0,2,1024,64,38.7414,16
spr,CoMD,1,2,0,1024,80,37.5018,16
pak,CoMD,1,2,0,1024,80,36.1795,16
rand,CoMD,1,2,0,1024,80,37.1474,16
spr,CoMD,2,1,0,1024,80,36.4532,16
pak,CoMD,2,1,0,1024,80,37.6545,16
rand,CoMD,2,1,0,1024,80,38.9572,16
spr,CoMD,3,0,0,1024,80,36.4773,16
pak,CoMD,3,0,0,1024,80,36.7382,16
rand,CoMD,3,0,0,1024,80,36.8210,16
spr,CoMD,4,0,1,1024,80,35.1891,16
pak,CoMD,4,0,1,1024,80,36.1980,16
rand,CoMD,4,0,1,1024,80,35.9367,16
spr,CoMD,5,0,2,1024,80,35.6980,16
pak,CoMD,5,0,2,1024,80,37.4651,16
rand,CoMD,5,0,2,1024,80,34.5509,16
spr,CoMD,1,2,0,1024,115,38.0822,16
pak,CoMD,1,2,0,1024,115,36.7162,16
rand,CoMD,1,2,0,1024,115,37.6346,16
spr,CoMD,2,1,0,1024,115,35.4092,16
pak,CoMD,2,1,0,1024,115,37.1682,16
rand,CoMD,2,1,0,1024,115,38.4601,16
spr,CoMD,3,0,0,1024,115,35.8288,16
pak,CoMD,3,0,0,1024,115,37.5257,16
rand,CoMD,3,0,0,1024,115,34.8489,16
spr,CoMD,4,0,1,1024,115,35.5572,16
pak,CoMD,4,0,1,1024,115,34.3682,16
rand,CoMD,4,0,1,1024,115,36.2863,16
spr,CoMD,5,0,2,1024,115,34.0640,16
pak,CoMD,5,0,2,1024,115,38.4839,16
rand,CoMD,5,0,2,1024,115,35.3527,16
spr,CoMD,1,2,0,1024,64,44.3303,20
pak,CoMD,1,2,0,1024,64,44.3378,20
rand,CoMD,1,2,0,1024,64,46.8600,20
spr,CoMD,2,1,0,1024,64,44.6707,20
pak,CoMD,2,1,0,1024,64,43.6901,20
rand,CoMD,2,1,0,1024,64,45.6361,20
spr,CoMD,3,0,0,1024,64,43.5413,20
pak,CoMD,3,0,0,1024,64,43.2210,20
rand,CoMD,3,0,0,1024,64,44.2601,20
spr,CoMD,4,0,1,1024,64,43.1713,20
pak,CoMD,4,0,1,1024,64,42.8289,20
rand,CoMD,4,0,1,1024,64,44.4572,20
spr,CoMD,5,0,2,1024,64,44.1631,20
pak,CoMD,5,0,2,1024,64,42.7853,20
rand,CoMD,5,0,2,1024,64,44.2862,20
spr,CoMD,1,2,0,1024,80,41.5173,20
pak,CoMD,1,2,0,1024,80,39.0518,20
rand,CoMD,1,2,0,1024,80,41.3779,20
spr,CoMD,2,1,0,1024,80,40.6267,20
pak,CoMD,2,1,0,1024,80,38.9458,20
rand,CoMD,2,1,0,1024,80,40.6925,20
spr,CoMD,3,0,0,1024,80,38.4687,20
pak,CoMD,3,0,0,1024,80,38.2962,20
rand,CoMD,3,0,0,1024,80,40.2090,20
spr,CoMD,4,0,1,1024,80,39.0739,20
pak,CoMD,4,0,1,1024,80,37.9236,20
rand,CoMD,4,0,1,1024,80,38.8476,20
spr,CoMD,5,0,2,1024,80,38.3113,20
pak,CoMD,5,0,2,1024,80,38.1166,20
rand,CoMD,5,0,2,1024,80,38.7740,20
spr,CoMD,1,2,0,1024,115,40.4938,20
pak,CoMD,1,2,0,1024,115,39.2091,20
rand,CoMD,1,2,0,1024,115,42.2815,20
spr,CoMD,2,1,0,1024,115,38.6475,20
pak,CoMD,2,1,0,1024,115,38.7537,20
rand,CoMD,2,1,0,1024,115,40.0060,20
spr,CoMD,3,0,0,1024,115,40.0259,20
pak,CoMD,3,0,0,1024,115,38.4766,20
rand,CoMD,3,0,0,1024,115,39.0183,20
spr,CoMD,4,0,1,1024,115,38.3922,20
pak,CoMD,4,0,1,1024,115,38.4633,20
rand,CoMD,4,0,1,1024,115,37.6299,20
spr,CoMD,5,0,2,1024,115,37.7582,20
pak,CoMD,5,0,2,1024,115,37.5364,20
rand,CoMD,5,0,2,1024,115,39.0896,20
spr,CoMD,1,2,0,1024,64,50.2394,24
pak,CoMD,1,2,0,1024,64,49.6902,24
rand,CoMD,1,2,0,1024,64,54.4138,24
spr,CoMD,2,1,0,1024,64,50.2437,24
pak,CoMD,2,1,0,1024,64,50.3129,24
rand,CoMD,2,1,0,1024,64,52.9553,24
spr,CoMD,3,0,0,1024,64,48.3830,24
pak,CoMD,3,0,0,1024,64,49.0081,24
rand,CoMD,3,0,0,1024,64,50.7728,24
spr,CoMD,4,0,1,1024,64,48.1590,24
pak,CoMD,4,0,1,1024,64,49.0840,24
rand,CoMD,4,0,1,1024,64,49.0854,24
spr,CoMD,5,0,2,1024,64,48.7705,24
pak,CoMD,5,0,2,1024,64,49.1731,24
rand,CoMD,5,0,2,1024,64,48.7493,24
spr,CoMD,1,2,0,1024,80,43.9614,24
pak,CoMD,1,2,0,1024,80,43.3831,24
rand,CoMD,1,2,0,1024,80,46.3953,24
spr,CoMD,2,1,0,1024,80,44.4307,24
pak,CoMD,2,1,0,1024,80,42.3984,24
rand,CoMD,2,1,0,1024,80,44.5374,24
spr,CoMD,3,0,0,1024,80,42.0167,24
pak,CoMD,3,0,0,1024,80,41.8551,24
rand,CoMD,3,0,0,1024,80,43.2264,24
spr,CoMD,4,0,1,1024,80,42.0119,24
pak,CoMD,4,0,1,1024,80,40.8574,24
rand,CoMD,4,0,1,1024,80,41.9977,24
spr,CoMD,5,0,2,1024,80,40.9376,24
pak,CoMD,5,0,2,1024,80,41.2541,24
rand,CoMD,5,0,2,1024,80,41.6449,24
spr,CoMD,1,2,0,1024,115,41.4997,24
pak,CoMD,1,2,0,1024,115,40.5269,24
rand,CoMD,1,2,0,1024,115,44.0891,24
spr,CoMD,2,1,0,1024,115,41.4810,24
pak,CoMD,2,1,0,1024,115,39.8196,24
rand,CoMD,2,1,0,1024,115,42.4320,24
spr,CoMD,3,0,0,1024,115,39.9956,24
pak,CoMD,3,0,0,1024,115,38.9416,24
rand,CoMD,3,0,0,1024,115,40.8458,24
spr,CoMD,4,0,1,1024,115,38.3175,24
pak,CoMD,4,0,1,1024,115,38.4868,24
rand,CoMD,4,0,1,1024,115,39.4503,24
spr,CoMD,5,0,2,1024,115,39.1719,24
pak,CoMD,5,0,2,1024,115,38.8139,24
rand,CoMD,5,0,2,1024,115,39.1027,24
spr,ft,1,2,0,1024,64,30.67,16
pak,ft,1,2,0,1024,64,28.47,16
rand,ft,1,2,0,1024,64,41.76,16
spr,ft,2,1,0,1024,64,29.20,16
pak,ft,2,1,0,1024,64,27.57,16
rand,ft,2,1,0,1024,64,32.84,16
spr,ft,3,0,0,1024,64,25.61,16
pak,ft,3,0,0,1024,64,25.48,16
rand,ft,3,0,0,1024,64,26.51,16
spr,ft,4,0,1,1024,64,23.26,16
pak,ft,4,0,1,1024,64,23.31,16
rand,ft,4,0,1,1024,64,23.53,16
spr,ft,5,0,2,1024,64,23.15,16
pak,ft,5,0,2,1024,64,22.81,16
rand,ft,5,0,2,1024,64,23.52,16
spr,ft,1,2,0,1024,80,28.09,16
pak,ft,1,2,0,1024,80,25.53,16
rand,ft,1,2,0,1024,80,35.57,16
spr,ft,2,1,0,1024,80,26.84,16
pak,ft,2,1,0,1024,80,24.96,16
rand,ft,2,1,0,1024,80,30.75,16
spr,ft,3,0,0,1024,80,21.13,16
pak,ft,3,0,0,1024,80,23.26,16
rand,ft,3,0,0,1024,80,25.45,16
spr,ft,4,0,1,1024,80,21.14,16
pak,ft,4,0,1,1024,80,20.99,16
rand,ft,4,0,1,1024,80,20.58,16
spr,ft,5,0,2,1024,80,20.94,16
pak,ft,5,0,2,1024,80,20.70,16
rand,ft,5,0,2,1024,80,20.80,16
spr,ft,1,2,0,1024,115,29.15,16
pak,ft,1,2,0,1024,115,25.83,16
rand,ft,1,2,0,1024,115,36.99,16
spr,ft,2,1,0,1024,115,26.38,16
pak,ft,2,1,0,1024,115,24.48,16
rand,ft,2,1,0,1024,115,29.02,16
spr,ft,3,0,0,1024,115,22.87,16
pak,ft,3,0,0,1024,115,22.40,16
rand,ft,3,0,0,1024,115,23.68,16
spr,ft,4,0,1,1024,115,20.59,16
pak,ft,4,0,1,1024,115,20.49,16
rand,ft,4,0,1,1024,115,19.77,16
spr,ft,5,0,2,1024,115,20.53,16
pak,ft,5,0,2,1024,115,19.92,16
rand,ft,5,0,2,1024,115,19.53,16
spr,ft,1,2,0,1024,64,39.54,20
pak,ft,1,2,0,1024,64,35.71,20
rand,ft,1,2,0,1024,64,42.08,20
spr,ft,2,1,0,1024,64,33.94,20
pak,ft,2,1,0,1024,64,33.38,20
rand,ft,2,1,0,1024,64,39.77,20
spr,ft,3,0,0,1024,64,28.81,20
pak,ft,3,0,0,1024,64,29.60,20
rand,ft,3,0,0,1024,64,30.58,20
spr,ft,4,0,1,1024,64,27.56,20
pak,ft,4,0,1,1024,64,27.88,20
rand,ft,4,0,1,1024,64,27.14,20
spr,ft,5,0,2,1024,64,27.58,20
pak,ft,5,0,2,1024,64,27.59,20
rand,ft,5,0,2,1024,64,27.42,20
spr,ft,1,2,0,1024,80,36.04,20
pak,ft,1,2,0,1024,80,32.38,20
rand,ft,1,2,0,1024,80,45.67,20
spr,ft,2,1,0,1024,80,31.61,20
pak,ft,2,1,0,1024,80,30.92,20
rand,ft,2,1,0,1024,80,35.05,20
spr,ft,3,0,0,1024,80,26.03,20
pak,ft,3,0,0,1024,80,26.63,20
rand,ft,3,0,0,1024,80,26.74,20
spr,ft,4,0,1,1024,80,24.44,20
pak,ft,4,0,1,1024,80,24.84,20
rand,ft,4,0,1,1024,80,24.04,20
spr,ft,5,0,2,1024,80,24.54,20
pak,ft,5,0,2,1024,80,24.44,20
rand,ft,5,0,2,1024,80,23.71,20
spr,ft,1,2,0,1024,115,34.91,20
pak,ft,1,2,0,1024,115,30.87,20
rand,ft,1,2,0,1024,115,51.54,20
spr,ft,2,1,0,1024,115,30.29,20
pak,ft,2,1,0,1024,115,29.66,20
rand,ft,2,1,0,1024,115,34.84,20
spr,ft,3,0,0,1024,115,24.97,20
pak,ft,3,0,0,1024,115,25.63,20
rand,ft,3,0,0,1024,115,25.61,20
spr,ft,4,0,1,1024,115,23.20,20
pak,ft,4,0,1,1024,115,23.58,20
rand,ft,4,0,1,1024,115,21.85,20
spr,ft,5,0,2,1024,115,23.18,20
pak,ft,5,0,2,1024,115,23.15,20
rand,ft,5,0,2,1024,115,22.98,20
spr,ft,1,2,0,1024,64,44.33,24
pak,ft,1,2,0,1024,64,38.93,24
rand,ft,1,2,0,1024,64,56.91,24
spr,ft,2,1,0,1024,64,39.10,24
pak,ft,2,1,0,1024,64,36.99,24
rand,ft,2,1,0,1024,64,46.11,24
spr,ft,3,0,0,1024,64,33.99,24
pak,ft,3,0,0,1024,64,33.98,24
rand,ft,3,0,0,1024,64,35.14,24
spr,ft,4,0,1,1024,64,32.78,24
pak,ft,4,0,1,1024,64,32.68,24
rand,ft,4,0,1,1024,64,30.30,24
spr,ft,5,0,2,1024,64,32.58,24
pak,ft,5,0,2,1024,64,31.87,24
rand,ft,5,0,2,1024,64,30.06,24
spr,ft,1,2,0,1024,80,41.00,24
pak,ft,1,2,0,1024,80,34.99,24
rand,ft,1,2,0,1024,80,48.65,24
spr,ft,2,1,0,1024,80,35.92,24
pak,ft,2,1,0,1024,80,33.87,24
rand,ft,2,1,0,1024,80,40.85,24
spr,ft,3,0,0,1024,80,30.94,24
pak,ft,3,0,0,1024,80,30.58,24
rand,ft,3,0,0,1024,80,32.14,24
spr,ft,4,0,1,1024,80,29.64,24
pak,ft,4,0,1,1024,80,29.06,24
rand,ft,4,0,1,1024,80,27.57,24
spr,ft,5,0,2,1024,80,29.44,24
pak,ft,5,0,2,1024,80,28.54,24
rand,ft,5,0,2,1024,80,26.52,24
spr,ft,1,2,0,1024,115,38.67,24
pak,ft,1,2,0,1024,115,32.85,24
rand,ft,1,2,0,1024,115,57.50,24
spr,ft,2,1,0,1024,115,33.91,24
pak,ft,2,1,0,1024,115,31.49,24
rand,ft,2,1,0,1024,115,38.34,24
spr,ft,3,0,0,1024,115,29.04,24
pak,ft,3,0,0,1024,115,28.55,24
rand,ft,3,0,0,1024,115,30.15,24
spr,ft,4,0,1,1024,115,27.18,24
pak,ft,4,0,1,1024,115,26.90,24
rand,ft,4,0,1,1024,115,25.79,24
spr,ft,5,0,2,1024,115,27.10,24
pak,ft,5,0,2,1024,115,26.30,24
rand,ft,5,0,2,1024,115,25.08,24
spr,lu,1,2,0,1024,64,38.38,16
pak,lu,1,2,0,1024,64,35.92,16
rand,lu,1,2,0,1024,64,43.33,16
spr,lu,2,1,0,1024,64,36.47,16
pak,lu,2,1,0,1024,64,35.74,16
rand,lu,2,1,0,1024,64,37.81,16
spr,lu,3,0,0,1024,64,35.75,16
pak,lu,3,0,0,1024,64,35.45,16
rand,lu,3,0,0,1024,64,35.59,16
spr,lu,4,0,1,1024,64,34.67,16
pak,lu,4,0,1,1024,64,35.50,16
rand,lu,4,0,1,1024,64,35.27,16
spr,lu,5,0,2,1024,64,34.83,16
pak,lu,5,0,2,1024,64,35.15,16
rand,lu,5,0,2,1024,64,34.97,16
spr,lu,1,2,0,1024,80,35.92,16
pak,lu,1,2,0,1024,80,32.83,16
rand,lu,1,2,0,1024,80,38.83,16
spr,lu,2,1,0,1024,80,33.21,16
pak,lu,2,1,0,1024,80,32.50,16
rand,lu,2,1,0,1024,80,33.84,16
spr,lu,3,0,0,1024,80,32.24,16
pak,lu,3,0,0,1024,80,32.34,16
rand,lu,3,0,0,1024,80,32.66,16
spr,lu,4,0,1,1024,80,31.71,16
pak,lu,4,0,1,1024,80,32.03,16
rand,lu,4,0,1,1024,80,31.60,16
spr,lu,5,0,2,1024,80,31.77,16
pak,lu,5,0,2,1024,80,32.40,16
rand,lu,5,0,2,1024,80,31.99,16
spr,lu,1,2,0,1024,115,35.52,16
pak,lu,1,2,0,1024,115,32.46,16
rand,lu,1,2,0,1024,115,41.59,16
spr,lu,2,1,0,1024,115,33.35,16
pak,lu,2,1,0,1024,115,31.91,16
rand,lu,2,1,0,1024,115,33.38,16
spr,lu,3,0,0,1024,115,32.15,16
pak,lu,3,0,0,1024,115,31.95,16
rand,lu,3,0,0,1024,115,32.47,16
spr,lu,4,0,1,1024,115,31.87,16
pak,lu,4,0,1,1024,115,31.68,16
rand,lu,4,0,1,1024,115,32.07,16
spr,lu,5,0,2,1024,115,31.55,16
pak,lu,5,0,2,1024,115,32.04,16
rand,lu,5,0,2,1024,115,31.73,16
spr,lu,1,2,0,1024,64,44.55,20
pak,lu,1,2,0,1024,64,42.29,20
rand,lu,1,2,0,1024,64,49.47,20
spr,lu,2,1,0,1024,64,42.20,20
pak,lu,2,1,0,1024,64,40.95,20
rand,lu,2,1,0,1024,64,42.71,20
spr,lu,3,0,0,1024,64,41.82,20
pak,lu,3,0,0,1024,64,40.69,20
rand,lu,3,0,0,1024,64,41.97,20
spr,lu,4,0,1,1024,64,41.78,20
pak,lu,4,0,1,1024,64,40.98,20
rand,lu,4,0,1,1024,64,41.57,20
spr,lu,5,0,2,1024,64,41.52,20
pak,lu,5,0,2,1024,64,40.76,20
rand,lu,5,0,2,1024,64,41.25,20
spr,lu,1,2,0,1024,80,39.37,20
pak,lu,1,2,0,1024,80,37.40,20
rand,lu,1,2,0,1024,80,46.57,20
spr,lu,2,1,0,1024,80,37.39,20
pak,lu,2,1,0,1024,80,36.46,20
rand,lu,2,1,0,1024,80,37.51,20
spr,lu,3,0,0,1024,80,36.98,20
pak,lu,3,0,0,1024,80,36.40,20
rand,lu,3,0,0,1024,80,36.67,20
spr,lu,4,0,1,1024,80,36.64,20
pak,lu,4,0,1,1024,80,36.29,20
rand,lu,4,0,1,1024,80,36.71,20
spr,lu,5,0,2,1024,80,36.22,20
pak,lu,5,0,2,1024,80,36.41,20
rand,lu,5,0,2,1024,80,37.09,20
spr,lu,1,2,0,1024,115,38.57,20
pak,lu,1,2,0,1024,115,36.19,20
rand,lu,1,2,0,1024,115,35.11,20
spr,lu,2,1,0,1024,115,35.53,20
pak,lu,2,1,0,1024,115,35.27,20
rand,lu,2,1,0,1024,115,36.30,20
spr,lu,3,0,0,1024,115,34.97,20
pak,lu,3,0,0,1024,115,35.15,20
rand,lu,3,0,0,1024,115,35.68,20
spr,lu,4,0,1,1024,115,35.16,20
pak,lu,4,0,1,1024,115,35.18,20
rand,lu,4,0,1,1024,115,35.08,20
spr,lu,5,0,2,1024,115,35.22,20
pak,lu,5,0,2,1024,115,35.21,20
rand,lu,5,0,2,1024,115,35.00,20
spr,lu,1,2,0,1024,64,50.45,24
pak,lu,1,2,0,1024,64,47.38,24
rand,lu,1,2,0,1024,64,53.91,24
spr,lu,2,1,0,1024,64,48.11,24
pak,lu,2,1,0,1024,64,46.79,24
rand,lu,2,1,0,1024,64,49.62,24
spr,lu,3,0,0,1024,64,47.70,24
pak,lu,3,0,0,1024,64,46.88,24
rand,lu,3,0,0,1024,64,48.48,24
spr,lu,4,0,1,1024,64,47.30,24
pak,lu,4,0,1,1024,64,46.80,24
rand,lu,4,0,1,1024,64,47.57,24
spr,lu,5,0,2,1024,64,47.54,24
pak,lu,5,0,2,1024,64,46.60,24
rand,lu,5,0,2,1024,64,47.55,24
spr,lu,1,2,0,1024,80,44.13,24
pak,lu,1,2,0,1024,80,40.97,24
rand,lu,1,2,0,1024,80,51.71,24
spr,lu,2,1,0,1024,80,41.39,24
pak,lu,2,1,0,1024,80,40.38,24
rand,lu,2,1,0,1024,80,42.22,24
spr,lu,3,0,0,1024,80,41.21,24
pak,lu,3,0,0,1024,80,40.35,24
rand,lu,3,0,0,1024,80,40.92,24
spr,lu,4,0,1,1024,80,40.87,24
pak,lu,4,0,1,1024,80,40.00,24
rand,lu,4,0,1,1024,80,40.82,24
spr,lu,5,0,2,1024,80,40.84,24
pak,lu,5,0,2,1024,80,40.55,24
rand,lu,5,0,2,1024,80,40.78,24
spr,lu,1,2,0,1024,115,41.02,24
pak,lu,1,2,0,1024,115,38.43,24
rand,lu,1,2,0,1024,115,47.84,24
spr,lu,2,1,0,1024,115,38.36,24
pak,lu,2,1,0,1024,115,38.08,24
rand,lu,2,1,0,1024,115,39.15,24
spr,lu,3,0,0,1024,115,38.18,24
pak,lu,3,0,0,1024,115,37.79,24
rand,lu,3,0,0,1024,115,37.60,24
spr,lu,4,0,1,1024,115,37.64,24
pak,lu,4,0,1,1024,115,37.90,24
rand,lu,4,0,1,1024,115,37.72,24
spr,lu,5,0,2,1024,115,38.25,24
pak,lu,5,0,2,1024,115,38.12,24
rand,lu,5,0,2,1024,115,37.41,24
spr,mg,1,2,0,1024,64,57.12,16
pak,mg,1,2,0,1024,64,40.14,16
rand,mg,1,2,0,1024,64,59.82,16
spr,mg,2,1,0,1024,64,41.96,16
pak,mg,2,1,0,1024,64,38.24,16
rand,mg,2,1,0,1024,64,42.51,16
spr,mg,3,0,0,1024,64,38.33,16
pak,mg,3,0,0,1024,64,37.38,16
rand,mg,3,0,0,1024,64,38.49,16
spr,mg,4,0,1,1024,64,37.30,16
pak,mg,4,0,1,1024,64,37.17,16
rand,mg,4,0,1,1024,64,37.32,16
spr,mg,5,0,2,1024,64,37.33,16
pak,mg,5,0,2,1024,64,37.10,16
rand,mg,5,0,2,1024,64,37.13,16
spr,mg,1,2,0,1024,80,56.12,16
pak,mg,1,2,0,1024,80,38.12,16
rand,mg,1,2,0,1024,80,70.07,16
spr,mg,2,1,0,1024,80,39.82,16
pak,mg,2,1,0,1024,80,36.42,16
rand,mg,2,1,0,1024,80,41.59,16
spr,mg,3,0,0,1024,80,35.76,16
pak,mg,3,0,0,1024,80,35.41,16
rand,mg,3,0,0,1024,80,36.55,16
spr,mg,4,0,1,1024,80,35.04,16
pak,mg,4,0,1,1024,80,35.06,16
rand,mg,4,0,1,1024,80,34.83,16
spr,mg,5,0,2,1024,80,34.98,16
pak,mg,5,0,2,1024,80,35.05,16
rand,mg,5,0,2,1024,80,34.81,16
spr,mg,1,2,0,1024,115,49.26,16
pak,mg,1,2,0,1024,115,38.36,16
rand,mg,1,2,0,1024,115,60.98,16
spr,mg,2,1,0,1024,115,39.36,16
pak,mg,2,1,0,1024,115,36.17,16
rand,mg,2,1,0,1024,115,40.60,16
spr,mg,3,0,0,1024,115,35.64,16
pak,mg,3,0,0,1024,115,34.97,16
rand,mg,3,0,0,1024,115,36.09,16
spr,mg,4,0,1,1024,115,34.73,16
pak,mg,4,0,1,1024,115,34.70,16
rand,mg,4,0,1,1024,115,35.14,16
spr,mg,5,0,2,1024,115,34.59,16
pak,mg,5,0,2,1024,115,34.84,16
rand,mg,5,0,2,1024,115,34.94,16
spr,mg,1,2,0,1024,64,57.19,20
pak,mg,1,2,0,1024,64,47.72,20
rand,mg,1,2,0,1024,64,74.35,20
spr,mg,2,1,0,1024,64,48.80,20
pak,mg,2,1,0,1024,64,45.61,20
rand,mg,2,1,0,1024,64,50.57,20
spr,mg,3,0,0,1024,64,45.55,20
pak,mg,3,0,0,1024,64,44.66,20
rand,mg,3,0,0,1024,64,46.36,20
spr,mg,4,0,1,1024,64,44.83,20
pak,mg,4,0,1,1024,64,44.49,20
rand,mg,4,0,1,1024,64,45.14,20
spr,mg,5,0,2,1024,64,44.70,20
pak,mg,5,0,2,1024,64,44.24,20
rand,mg,5,0,2,1024,64,44.82,20
spr,mg,1,2,0,1024,80,54.64,20
pak,mg,1,2,0,1024,80,50.03,20
rand,mg,1,2,0,1024,80,70.71,20
spr,mg,2,1,0,1024,80,46.06,20
pak,mg,2,1,0,1024,80,42.72,20
rand,mg,2,1,0,1024,80,50.11,20
spr,mg,3,0,0,1024,80,42.46,20
pak,mg,3,0,0,1024,80,41.52,20
rand,mg,3,0,0,1024,80,42.85,20
spr,mg,4,0,1,1024,80,41.55,20
pak,mg,4,0,1,1024,80,41.34,20
rand,mg,4,0,1,1024,80,41.52,20
spr,mg,5,0,2,1024,80,41.61,20
pak,mg,5,0,2,1024,80,41.31,20
rand,mg,5,0,2,1024,80,41.53,20
spr,mg,1,2,0,1024,115,54.56,20
pak,mg,1,2,0,1024,115,44.58,20
rand,mg,1,2,0,1024,115,72.83,20
spr,mg,2,1,0,1024,115,45.66,20
pak,mg,2,1,0,1024,115,42.12,20
rand,mg,2,1,0,1024,115,46.84,20
spr,mg,3,0,0,1024,115,41.69,20
pak,mg,3,0,0,1024,115,40.91,20
rand,mg,3,0,0,1024,115,41.74,20
spr,mg,4,0,1,1024,115,40.81,20
pak,mg,4,0,1,1024,115,40.66,20
rand,mg,4,0,1,1024,115,40.67,20
spr,mg,5,0,2,1024,115,40.76,20
pak,mg,5,0,2,1024,115,40.62,20
rand,mg,5,0,2,1024,115,40.71,20
spr,mg,1,2,0,1024,64,60.68,24
pak,mg,1,2,0,1024,64,53.99,24
rand,mg,1,2,0,1024,64,84.14,24
spr,mg,2,1,0,1024,64,56.30,24
pak,mg,2,1,0,1024,64,53.40,24
rand,mg,2,1,0,1024,64,60.01,24
spr,mg,3,0,0,1024,64,53.92,24
pak,mg,3,0,0,1024,64,52.93,24
rand,mg,3,0,0,1024,64,54.82,24
spr,mg,4,0,1,1024,64,53.72,24
pak,mg,4,0,1,1024,64,52.77,24
rand,mg,4,0,1,1024,64,53.68,24
spr,mg,5,0,2,1024,64,53.67,24
pak,mg,5,0,2,1024,64,52.83,24
rand,mg,5,0,2,1024,64,53.67,24
spr,mg,1,2,0,1024,80,57.01,24
pak,mg,1,2,0,1024,80,50.66,24
rand,mg,1,2,0,1024,80,74.82,24
spr,mg,2,1,0,1024,80,52.34,24
pak,mg,2,1,0,1024,80,49.97,24
rand,mg,2,1,0,1024,80,55.73,24
spr,mg,3,0,0,1024,80,49.40,24
pak,mg,3,0,0,1024,80,49.07,24
rand,mg,3,0,0,1024,80,49.98,24
spr,mg,4,0,1,1024,80,49.08,24
pak,mg,4,0,1,1024,80,48.94,24
rand,mg,4,0,1,1024,80,49.06,24
spr,mg,5,0,2,1024,80,49.08,24
pak,mg,5,0,2,1024,80,49.04,24
rand,mg,5,0,2,1024,80,49.12,24
spr,mg,1,2,0,1024,115,55.89,24
pak,mg,1,2,0,1024,115,49.68,24
rand,mg,1,2,0,1024,115,72.08,24
spr,mg,2,1,0,1024,115,51.16,24
pak,mg,2,1,0,1024,115,48.80,24
rand,mg,2,1,0,1024,115,54.51,24
spr,mg,3,0,0,1024,115,48.17,24
pak,mg,3,0,0,1024,115,48.06,24
rand,mg,3,0,0,1024,115,48.83,24
spr,mg,4,0,1,1024,115,47.63,24
pak,mg,4,0,1,1024,115,47.94,24
rand,mg,4,0,1,1024,115,47.79,24
spr,mg,5,0,2,1024,115,47.57,24
pak,mg,5,0,2,1024,115,47.88,24
rand,mg,5,0,2,1024,115,47.78,24
rand,kripke,1,2,0,1024,64,27.54656,16
rand,kripke,2,1,0,1024,64,27.87751,16
rand,kripke,3,0,0,1024,64,27.46516,16
rand,kripke,4,0,1,1024,64,28.50324,16
rand,kripke,5,0,2,1024,64,27.32304,16
rand,kripke,1,2,0,1024,80,24.39327,16
rand,kripke,2,1,0,1024,80,24.24589,16
rand,kripke,3,0,0,1024,80,24.56525,16
rand,kripke,4,0,1,1024,80,24.31424,16
rand,kripke,5,0,2,1024,80,23.94695,16
rand,kripke,1,2,0,1024,115,23.81089,16
rand,kripke,2,1,0,1024,115,23.87520,16
rand,kripke,3,0,0,1024,115,23.92818,16
rand,kripke,4,0,1,1024,115,23.89420,16
rand,kripke,5,0,2,1024,115,23.93419,16
rand,kripke,1,2,0,1024,64,30.92051,20
rand,kripke,2,1,0,1024,64,31.09870,20
rand,kripke,3,0,0,1024,64,31.57050,20
rand,kripke,4,0,1,1024,64,31.34572,20
rand,kripke,5,0,2,1024,64,31.41533,20
rand,kripke,1,2,0,1024,80,26.45997,20
rand,kripke,2,1,0,1024,80,26.52145,20
rand,kripke,3,0,0,1024,80,26.94459,20
rand,kripke,4,0,1,1024,80,27.03399,20
rand,kripke,5,0,2,1024,80,26.66274,20
rand,kripke,1,2,0,1024,115,25.59592,20
rand,kripke,2,1,0,1024,115,25.48700,20
rand,kripke,3,0,0,1024,115,25.24922,20
rand,kripke,4,0,1,1024,115,25.35282,20
rand,kripke,5,0,2,1024,115,25.33252,20
rand,kripke,1,2,0,1024,64,35.99145,24
rand,kripke,2,1,0,1024,64,35.86381,24
rand,kripke,3,0,0,1024,64,35.87719,24
rand,kripke,4,0,1,1024,64,35.56686,24
rand,kripke,5,0,2,1024,64,35.76340,24
rand,kripke,1,2,0,1024,80,29.81310,24
rand,kripke,2,1,0,1024,80,29.63632,24
rand,kripke,3,0,0,1024,80,29.47466,24
rand,kripke,4,0,1,1024,80,29.77608,24
rand,kripke,5,0,2,1024,80,29.73347,24
rand,kripke,1,2,0,1024,115,27.48545,24
rand,kripke,2,1,0,1024,115,27.06928,24
rand,kripke,3,0,0,1024,115,27.27843,24
rand,kripke,4,0,1,1024,115,27.05157,24
rand,kripke,5,0,2,1024,115,26.99820,24
rand,CoMD,1,2,0,1024,64,42.2215,16
rand,CoMD,2,1,0,1024,64,40.5293,16
rand,CoMD,3,0,0,1024,64,41.7816,16
rand,CoMD,4,0,1,1024,64,38.6675,16
rand,CoMD,5,0,2,1024,64,38.3338,16
rand,CoMD,1,2,0,1024,80,37.5619,16
rand,CoMD,2,1,0,1024,80,38.5990,16
rand,CoMD,3,0,0,1024,80,35.8481,16
rand,CoMD,4,0,1,1024,80,36.2113,16
rand,CoMD,5,0,2,1024,80,35.6126,16
rand,CoMD,1,2,0,1024,115,38.7354,16
rand,CoMD,2,1,0,1024,115,36.3282,16
rand,CoMD,3,0,0,1024,115,34.9057,16
rand,CoMD,4,0,1,1024,115,34.9691,16
rand,CoMD,5,0,2,1024,115,35.9258,16
rand,CoMD,1,2,0,1024,64,47.7357,20
rand,CoMD,2,1,0,1024,64,45.7657,20
rand,CoMD,3,0,0,1024,64,44.4768,20
rand,CoMD,4,0,1,1024,64,44.7652,20
rand,CoMD,5,0,2,1024,64,46.0998,20
rand,CoMD,1,2,0,1024,80,44.1131,20
rand,CoMD,2,1,0,1024,80,40.5255,20
rand,CoMD,3,0,0,1024,80,38.8125,20
rand,CoMD,4,0,1,1024,80,40.1978,20
rand,CoMD,5,0,2,1024,80,38.9258,20
rand,CoMD,1,2,0,1024,115,42.4337,20
rand,CoMD,2,1,0,1024,115,39.9313,20
rand,CoMD,3,0,0,1024,115,38.8801,20
rand,CoMD,4,0,1,1024,115,37.8426,20
rand,CoMD,5,0,2,1024,115,38.0604,20
rand,CoMD,1,2,0,1024,64,53.9275,24
rand,CoMD,2,1,0,1024,64,52.4502,24
rand,CoMD,3,0,0,1024,64,50.2918,24
rand,CoMD,4,0,1,1024,64,49.5260,24
rand,CoMD,5,0,2,1024,64,49.5521,24
rand,CoMD,1,2,0,1024,80,46.4352,24
rand,CoMD,2,1,0,1024,80,45.1927,24
rand,CoMD,3,0,0,1024,80,44.6231,24
rand,CoMD,4,0,1,1024,80,41.8997,24
rand,CoMD,5,0,2,1024,80,42.3303,24
rand,CoMD,1,2,0,1024,115,43.2905,24
rand,CoMD,2,1,0,1024,115,42.2872,24
rand,CoMD,3,0,0,1024,115,41.4293,24
rand,CoMD,4,0,1,1024,115,40.6688,24
rand,CoMD,5,0,2,1024,115,38.8044,24
rand,ft,1,2,0,1024,64,39.73,16
rand,ft,2,1,0,1024,64,32.78,16
rand,ft,3,0,0,1024,64,25.93,16
rand,ft,4,0,1,1024,64,24.17,16
rand,ft,5,0,2,1024,64,22.98,16
rand,ft,1,2,0,1024,80,36.44,16
rand,ft,2,1,0,1024,80,30.73,16
rand,ft,3,0,0,1024,80,24.28,16
rand,ft,4,0,1,1024,80,20.99,16
rand,ft,5,0,2,1024,80,22.13,16
rand,ft,1,2,0,1024,115,41.23,16
rand,ft,2,1,0,1024,115,29.17,16
rand,ft,3,0,0,1024,115,24.25,16
rand,ft,4,0,1,1024,115,20.30,16
rand,ft,5,0,2,1024,115,20.47,16
rand,ft,1,2,0,1024,64,47.50,20
rand,ft,2,1,0,1024,64,37.77,20
rand,ft,3,0,0,1024,64,29.64,20
rand,ft,4,0,1,1024,64,28.67,20
rand,ft,5,0,2,1024,64,27.13,20
rand,ft,1,2,0,1024,80,47.13,20
rand,ft,2,1,0,1024,80,35.63,20
rand,ft,3,0,0,1024,80,27.92,20
rand,ft,4,0,1,1024,80,23.81,20
rand,ft,5,0,2,1024,80,24.43,20
rand,ft,1,2,0,1024,115,48.77,20
rand,ft,2,1,0,1024,115,34.03,20
rand,ft,3,0,0,1024,115,26.26,20
rand,ft,4,0,1,1024,115,22.27,20
rand,ft,5,0,2,1024,115,22.48,20
rand,ft,1,2,0,1024,64,52.30,24
rand,ft,2,1,0,1024,64,44.40,24
rand,ft,3,0,0,1024,64,35.00,24
rand,ft,4,0,1,1024,64,31.83,24
rand,ft,5,0,2,1024,64,30.72,24
rand,ft,1,2,0,1024,80,52.56,24
rand,ft,2,1,0,1024,80,40.71,24
rand,ft,3,0,0,1024,80,30.86,24
rand,ft,4,0,1,1024,80,27.49,24
rand,ft,5,0,2,1024,80,26.89,24
rand,ft,1,2,0,1024,115,61.42,24
rand,ft,2,1,0,1024,115,36.98,24
rand,ft,3,0,0,1024,115,29.38,24
rand,ft,4,0,1,1024,115,25.77,24
rand,ft,5,0,2,1024,115,24.27,24
rand,lu,1,2,0,1024,64,42.25,16
rand,lu,2,1,0,1024,64,37.67,16
rand,lu,3,0,0,1024,64,35.95,16
rand,lu,4,0,1,1024,64,35.38,16
rand,lu,5,0,2,1024,64,35.16,16
rand,lu,1,2,0,1024,80,43.17,16
rand,lu,2,1,0,1024,80,33.58,16
rand,lu,3,0,0,1024,80,32.57,16
rand,lu,4,0,1,1024,80,31.99,16
rand,lu,5,0,2,1024,80,32.21,16
rand,lu,1,2,0,1024,115,42.46,16
rand,lu,2,1,0,1024,115,33.22,16
rand,lu,3,0,0,1024,115,32.27,16
rand,lu,4,0,1,1024,115,31.76,16
rand,lu,5,0,2,1024,115,31.96,16
rand,lu,1,2,0,1024,64,48.80,20
rand,lu,2,1,0,1024,64,43.14,20
rand,lu,3,0,0,1024,64,41.80,20
rand,lu,4,0,1,1024,64,41.62,20
rand,lu,5,0,2,1024,64,42.21,20
rand,lu,1,2,0,1024,80,47.49,20
rand,lu,2,1,0,1024,80,37.67,20
rand,lu,3,0,0,1024,80,37.03,20
rand,lu,4,0,1,1024,80,36.46,20
rand,lu,5,0,2,1024,80,36.60,20
rand,lu,1,2,0,1024,115,46.04,20
rand,lu,2,1,0,1024,115,36.20,20
rand,lu,3,0,0,1024,115,35.62,20
rand,lu,4,0,1,1024,115,35.40,20
rand,lu,5,0,2,1024,115,34.90,20
rand,lu,1,2,0,1024,64,58.61,24
rand,lu,2,1,0,1024,64,50.32,24
rand,lu,3,0,0,1024,64,48.77,24
rand,lu,4,0,1,1024,64,50.11,24
rand,lu,5,0,2,1024,64,50.11,24
rand,lu,1,2,0,1024,80,49.86,24
rand,lu,2,1,0,1024,80,42.31,24
rand,lu,3,0,0,1024,80,41.51,24
rand,lu,4,0,1,1024,80,41.04,24
rand,lu,5,0,2,1024,80,40.92,24
rand,lu,1,2,0,1024,115,45.03,24
rand,lu,2,1,0,1024,115,38.59,24
rand,lu,3,0,0,1024,115,38.21,24
rand,lu,4,0,1,1024,115,38.25,24
rand,lu,5,0,2,1024,115,37.77,24
rand,mg,1,2,0,1024,64,59.90,16
rand,mg,2,1,0,1024,64,42.77,16
rand,mg,3,0,0,1024,64,38.93,16
rand,mg,4,0,1,1024,64,37.47,16
rand,mg,5,0,2,1024,64,37.57,16
rand,mg,1,2,0,1024,80,57.05,16
rand,mg,2,1,0,1024,80,39.22,16
rand,mg,3,0,0,1024,80,36.34,16
rand,mg,4,0,1,1024,80,35.04,16
rand,mg,5,0,2,1024,80,35.06,16
rand,mg,1,2,0,1024,115,56.53,16
rand,mg,2,1,0,1024,115,41.88,16
rand,mg,3,0,0,1024,115,36.05,16
rand,mg,4,0,1,1024,115,34.68,16
rand,mg,5,0,2,1024,115,34.68,16
rand,mg,1,2,0,1024,64,64.53,20
rand,mg,2,1,0,1024,64,50.37,20
rand,mg,3,0,0,1024,64,46.69,20
rand,mg,4,0,1,1024,64,45.38,20
rand,mg,5,0,2,1024,64,45.16,20
rand,mg,1,2,0,1024,80,69.92,20
rand,mg,2,1,0,1024,80,47.19,20
rand,mg,3,0,0,1024,80,43.03,20
rand,mg,4,0,1,1024,80,41.70,20
rand,mg,5,0,2,1024,80,41.42,20
rand,mg,1,2,0,1024,115,69.23,20
rand,mg,2,1,0,1024,115,46.62,20
rand,mg,3,0,0,1024,115,41.94,20
rand,mg,4,0,1,1024,115,40.59,20
rand,mg,5,0,2,1024,115,40.71,20
rand,mg,1,2,0,1024,64,72.24,24
rand,mg,2,1,0,1024,64,59.00,24
rand,mg,3,0,0,1024,64,54.69,24
rand,mg,4,0,1,1024,64,54.03,24
rand,mg,5,0,2,1024,64,53.62,24
rand,mg,1,2,0,1024,80,72.74,24
rand,mg,2,1,0,1024,80,55.45,24
rand,mg,3,0,0,1024,80,49.80,24
rand,mg,4,0,1,1024,80,48.94,24
rand,mg,5,0,2,1024,80,49.16,24
rand,mg,1,2,0,1024,115,78.27,24
rand,mg,2,1,0,1024,115,54.39,24
rand,mg,3,0,0,1024,115,48.43,24
rand,mg,4,0,1,1024,115,47.53,24
rand,mg,5,0,2,1024,115,47.50,24
pak,kripke,3,0,0,2048,64,28.66533,16
pak,kripke,2,1,0,2048,64,28.49794,16
pak,kripke,1,2,0,2048,64,28.8575,16
pak,kripke,4,0,1,2048,64,28.59191,16
pak,kripke,5,0,2,2048,64,28.89893,16
pak,kripke,3,0,0,2048,80,25.88987,16
pak,kripke,2,1,0,2048,80,25.64885,16
pak,kripke,1,2,0,2048,80,25.80383,16
pak,kripke,4,0,1,2048,115,27.14816,20
pak,kripke,5,0,2,2048,115,26.92815,20
pak,kripke,3,0,0,2048,64,37.62854,24
pak,kripke,2,1,0,2048,64,38.24387,24
pak,kripke,1,2,0,2048,64,38.01378,24
pak,kripke,4,0,1,2048,80,28.44716,20
pak,kripke,5,0,2,2048,80,28.28817,20
pak,kripke,3,0,0,2048,115,27.17616,20
pak,kripke,2,1,0,2048,115,27.40132,20
pak,kripke,1,2,0,2048,115,27.27513,20
pak,kripke,4,0,1,2048,64,38.50652,24
pak,kripke,5,0,2,2048,64,37.7084,24
pak,kripke,3,0,0,2048,80,31.42708,24
pak,kripke,2,1,0,2048,80,31.15812,24
pak,kripke,1,2,0,2048,80,31.31009,24
pak,kripke,4,0,1,2048,115,25.7139,16
pak,kripke,2,1,0,2048,115,25.27973,16
pak,kripke,5,0,2,2048,115,25.47392,16
pak,kripke,3,0,0,2048,64,32.62024,20
pak,kripke,2,1,0,2048,64,32.68923,20
pak,kripke,1,2,0,2048,64,33.65023,20
pak,kripke,4,0,1,2048,80,26.17031,16
pak,kripke,5,0,2,2048,80,25.79071,16
pak,kripke,3,0,0,2048,115,25.47256,16
pak,kripke,1,2,0,2048,115,25.74969,16
pak,kripke,4,0,1,2048,64,33.02238,20
pak,kripke,5,0,2,2048,64,32.66125,20
pak,kripke,3,0,0,2048,80,28.76717,20
pak,kripke,2,1,0,2048,80,28.20415,20
pak,kripke,1,2,0,2048,80,28.27011,20
spr,kripke,1,2,0,2048,64,28.90623,16
rand,kripke,1,2,0,2048,64,29.25877,16
spr,kripke,2,1,0,2048,64,28.95977,16
rand,kripke,2,1,0,2048,64,28.59708,16
spr,kripke,3,0,0,2048,64,28.8453,16
rand,kripke,3,0,0,2048,64,28.49891,16
spr,kripke,4,0,1,2048,64,28.90688,16
rand,kripke,4,0,1,2048,64,28.3001,16
spr,kripke,5,0,2,2048,64,29.23202,16
rand,kripke,5,0,2,2048,64,28.75661,16
spr,kripke,1,2,0,2048,80,25.76189,16
rand,kripke,1,2,0,2048,80,25.92639,16
spr,kripke,2,1,0,2048,80,25.50445,16
rand,kripke,2,1,0,2048,80,25.53827,16
spr,kripke,3,0,0,2048,80,25.47098,16
rand,kripke,3,0,0,2048,80,25.59662,16
spr,kripke,4,0,1,2048,80,25.67158,16
rand,kripke,4,0,1,2048,80,25.85696,16
spr,kripke,5,0,2,2048,80,25.99236,16
rand,kripke,5,0,2,2048,80,25.79111,16
spr,kripke,1,2,0,2048,115,25.47697,16
rand,kripke,1,2,0,2048,115,25.73267,16
spr,kripke,2,1,0,2048,115,25.60694,16
rand,kripke,2,1,0,2048,115,25.48214,16
spr,kripke,3,0,0,2048,115,25.39313,16
rand,kripke,3,0,0,2048,115,25.42827,16
spr,kripke,4,0,1,2048,115,25.7022,16
rand,kripke,4,0,1,2048,115,25.50691,16
spr,kripke,5,0,2,2048,115,25.61756,16
rand,kripke,5,0,2,2048,115,25.80283,16
spr,kripke,1,2,0,2048,64,32.49566,20
rand,kripke,1,2,0,2048,64,32.69542,20
spr,kripke,2,1,0,2048,64,32.51677,20
rand,kripke,2,1,0,2048,64,33.29369,20
spr,kripke,3,0,0,2048,64,32.05916,20
rand,kripke,3,0,0,2048,64,32.67974,20
spr,kripke,4,0,1,2048,64,32.15667,20
rand,kripke,4,0,1,2048,64,32.47591,20
spr,kripke,5,0,2,2048,64,32.24371,20
rand,kripke,5,0,2,2048,64,32.92331,20
spr,kripke,1,2,0,2048,80,28.21131,20
rand,kripke,1,2,0,2048,80,28.65696,20
spr,kripke,2,1,0,2048,80,28.1223,20
rand,kripke,2,1,0,2048,80,27.85945,20
spr,kripke,3,0,0,2048,80,28.05795,20
rand,kripke,3,0,0,2048,80,28.12264,20
spr,kripke,4,0,1,2048,80,27.90657,20
rand,kripke,4,0,1,2048,80,28.71798,20
spr,kripke,5,0,2,2048,80,28.12615,20
rand,kripke,5,0,2,2048,80,28.14685,20
spr,kripke,1,2,0,2048,115,26.9989,20
rand,kripke,1,2,0,2048,115,27.08137,20
spr,kripke,2,1,0,2048,115,27.1681,20
rand,kripke,2,1,0,2048,115,27.19331,20
spr,kripke,3,0,0,2048,115,27.19579,20
rand,kripke,3,0,0,2048,115,26.82458,20
spr,kripke,4,0,1,2048,115,27.11223,20
rand,kripke,4,0,1,2048,115,26.93041,20
spr,kripke,5,0,2,2048,115,26.98044,20
rand,kripke,5,0,2,2048,115,27.22057,20
spr,kripke,1,2,0,2048,64,36.96149,24
rand,kripke,1,2,0,2048,64,37.72468,24
spr,kripke,2,1,0,2048,64,37.11599,24
rand,kripke,2,1,0,2048,64,37.45099,24
spr,kripke,3,0,0,2048,64,37.03525,24
rand,kripke,3,0,0,2048,64,37.66256,24
spr,kripke,4,0,1,2048,64,37.05697,24
rand,kripke,4,0,1,2048,64,37.21484,24
spr,kripke,5,0,2,2048,64,37.21596,24
rand,kripke,5,0,2,2048,64,37.63802,24
spr,kripke,1,2,0,2048,80,30.7449,24
rand,kripke,1,2,0,2048,80,31.39566,24
spr,kripke,2,1,0,2048,80,30.80038,24
rand,kripke,2,1,0,2048,80,30.93378,24
spr,kripke,3,0,0,2048,80,31.25271,24
rand,kripke,3,0,0,2048,80,31.20411,24
spr,kripke,4,0,1,2048,80,31.18228,24
rand,kripke,4,0,1,2048,80,31.15723,24
spr,kripke,5,0,2,2048,80,30.81206,24
rand,kripke,5,0,2,2048,80,31.40038,24
spr,kripke,1,2,0,2048,115,28.59023,24
rand,kripke,1,2,0,2048,115,28.51591,24
spr,kripke,2,1,0,2048,115,28.41424,24
rand,kripke,2,1,0,2048,115,28.37011,24
spr,kripke,3,0,0,2048,115,28.3871,24
rand,kripke,3,0,0,2048,115,28.72226,24
spr,kripke,4,0,1,2048,115,28.30006,24
rand,kripke,4,0,1,2048,115,28.38974,24
spr,kripke,5,0,2,2048,115,28.32056,24
rand,kripke,5,0,2,2048,115,28.44109,24
spr,CoMD,1,2,0,2048,64,39.1439,16
rand,CoMD,1,2,0,2048,64,40.5884,16
spr,CoMD,2,1,0,2048,64,38.491,16
rand,CoMD,2,1,0,2048,64,39.2194,16
spr,CoMD,3,0,0,2048,64,37.5554,16
rand,CoMD,3,0,0,2048,64,40.017,16
spr,CoMD,4,0,1,2048,64,38.5003,16
rand,CoMD,4,0,1,2048,64,37.9789,16
spr,CoMD,5,0,2,2048,64,38.6449,16
rand,CoMD,5,0,2,2048,64,39.0641,16
spr,CoMD,1,2,0,2048,80,37.4814,16
rand,CoMD,1,2,0,2048,80,38.3383,16
spr,CoMD,2,1,0,2048,80,36.7086,16
rand,CoMD,2,1,0,2048,80,36.4955,16
spr,CoMD,3,0,0,2048,80,35.4763,16
rand,CoMD,3,0,0,2048,80,36.2171,16
spr,CoMD,4,0,1,2048,80,35.1037,16
rand,CoMD,4,0,1,2048,80,37.2124,16
spr,CoMD,5,0,2,2048,80,36.238,16
rand,CoMD,5,0,2,2048,80,36.9616,16
spr,CoMD,1,2,0,2048,115,38.9456,16
rand,CoMD,1,2,0,2048,115,38.724,16
spr,CoMD,2,1,0,2048,115,36.3516,16
rand,CoMD,2,1,0,2048,115,37.5024,16
spr,CoMD,3,0,0,2048,115,37.4595,16
rand,CoMD,3,0,0,2048,115,35.2575,16
spr,CoMD,4,0,1,2048,115,35.8689,16
rand,CoMD,4,0,1,2048,115,35.0739,16
spr,CoMD,5,0,2,2048,115,36.0545,16
rand,CoMD,5,0,2,2048,115,34.8114,16
spr,CoMD,1,2,0,2048,64,46.5589,20
rand,CoMD,1,2,0,2048,64,47.375,20
spr,CoMD,2,1,0,2048,64,44.4378,20
rand,CoMD,2,1,0,2048,64,46.9223,20
spr,CoMD,3,0,0,2048,64,43.8443,20
rand,CoMD,3,0,0,2048,64,44.9305,20
spr,CoMD,4,0,1,2048,64,44.6764,20
rand,CoMD,4,0,1,2048,64,43.7321,20
spr,CoMD,5,0,2,2048,64,43.965,20
rand,CoMD,5,0,2,2048,64,44.5437,20
spr,CoMD,1,2,0,2048,80,40.4719,20
rand,CoMD,1,2,0,2048,80,42.6215,20
spr,CoMD,2,1,0,2048,80,40.2416,20
rand,CoMD,2,1,0,2048,80,41.1283,20
spr,CoMD,3,0,0,2048,80,39.2577,20
rand,CoMD,3,0,0,2048,80,40.307,20
spr,CoMD,4,0,1,2048,80,40.3566,20
spr,CoMD,5,0,2,2048,80,40.187,20
rand,CoMD,5,0,2,2048,80,40.6015,20
spr,CoMD,1,2,0,2048,115,42.4383,20
rand,CoMD,1,2,0,2048,115,42.0331,20
spr,CoMD,2,1,0,2048,115,39.5815,20
rand,CoMD,2,1,0,2048,115,41.782,20
spr,CoMD,3,0,0,2048,115,38.7363,20
rand,CoMD,3,0,0,2048,115,40.707,20
spr,CoMD,4,0,1,2048,115,38.8765,20
rand,CoMD,4,0,1,2048,115,38.9586,20
spr,CoMD,5,0,2,2048,115,38.3115,20
rand,CoMD,5,0,2,2048,115,38.9924,20
spr,CoMD,1,2,0,2048,64,51.0753,24
rand,CoMD,1,2,0,2048,64,52.7451,24
spr,CoMD,2,1,0,2048,64,51.1077,24
rand,CoMD,2,1,0,2048,64,52.4962,24
spr,CoMD,3,0,0,2048,64,49.5452,24
rand,CoMD,3,0,0,2048,64,50.8022,24
spr,CoMD,4,0,1,2048,64,49.8279,24
rand,CoMD,4,0,1,2048,64,48.8213,24
spr,CoMD,5,0,2,2048,64,48.5808,24
rand,CoMD,5,0,2,2048,64,49.3487,24
spr,CoMD,1,2,0,2048,80,44.0644,24
rand,CoMD,1,2,0,2048,80,46.6303,24
spr,CoMD,2,1,0,2048,80,43.3464,24
rand,CoMD,2,1,0,2048,80,44.7024,24
spr,CoMD,3,0,0,2048,80,42.2666,24
rand,CoMD,3,0,0,2048,80,43.9204,24
spr,CoMD,4,0,1,2048,80,41.8031,24
rand,CoMD,4,0,1,2048,80,42.9464,24
spr,CoMD,5,0,2,2048,80,41.7527,24
rand,CoMD,5,0,2,2048,80,41.9113,24
spr,CoMD,1,2,0,2048,115,42.8109,24
rand,CoMD,1,2,0,2048,115,43.7456,24
spr,CoMD,2,1,0,2048,115,42.3904,24
rand,CoMD,2,1,0,2048,115,42.9753,24
spr,CoMD,3,0,0,2048,115,40.5533,24
rand,CoMD,3,0,0,2048,115,40.7913,24
spr,CoMD,4,0,1,2048,115,40.39,24
rand,CoMD,4,0,1,2048,115,39.8476,24
spr,CoMD,5,0,2,2048,115,39.5416,24
rand,CoMD,5,0,2,2048,115,39.7374,24
spr,ft,1,2,0,2048,64,26.9,16
rand,ft,1,2,0,2048,64,28.77,16
spr,ft,2,1,0,2048,64,21.7,16
rand,ft,2,1,0,2048,64,22.84,16
spr,ft,3,0,0,2048,64,17.86,16
rand,ft,3,0,0,2048,64,18.19,16
spr,ft,4,0,1,2048,64,17.44,16
rand,ft,4,0,1,2048,64,18.07,16
spr,ft,5,0,2,2048,64,17.39,16
rand,ft,5,0,2,2048,64,17.99,16
spr,ft,1,2,0,2048,80,24.46,16
rand,ft,1,2,0,2048,80,26.61,16
spr,ft,2,1,0,2048,80,20.05,16
rand,ft,2,1,0,2048,80,21.09,16
spr,ft,3,0,0,2048,80,15.89,16
rand,ft,3,0,0,2048,80,16.14,16
spr,ft,4,0,1,2048,80,15.43,16
rand,ft,4,0,1,2048,80,15.66,16
spr,ft,5,0,2,2048,80,15.32,16
rand,ft,5,0,2,2048,80,15.72,16
spr,ft,1,2,0,2048,115,24.24,16
rand,ft,1,2,0,2048,115,27.06,16
spr,ft,2,1,0,2048,115,19.5,16
rand,ft,2,1,0,2048,115,21.5,16
spr,ft,3,0,0,2048,115,15.58,16
rand,ft,3,0,0,2048,115,15.86,16
spr,ft,4,0,1,2048,115,15.07,16
rand,ft,4,0,1,2048,115,15.54,16
spr,ft,5,0,2,2048,115,15.04,16
rand,ft,5,0,2,2048,115,14.95,16
spr,ft,1,2,0,2048,64,34.2,20
rand,ft,1,2,0,2048,64,36.54,20
spr,ft,2,1,0,2048,64,25.8,20
rand,ft,2,1,0,2048,64,27.86,20
spr,ft,3,0,0,2048,64,21.32,20
rand,ft,3,0,0,2048,64,21.4,20
spr,ft,4,0,1,2048,64,21.06,20
rand,ft,4,0,1,2048,64,20.94,20
spr,ft,5,0,2,2048,64,20.8,20
rand,ft,5,0,2,2048,64,21.41,20
spr,ft,1,2,0,2048,80,31.05,20
rand,ft,1,2,0,2048,80,34.27,20
spr,ft,2,1,0,2048,80,23.51,20
rand,ft,2,1,0,2048,80,25.83,20
spr,ft,3,0,0,2048,80,18.64,20
rand,ft,3,0,0,2048,80,19.21,20
spr,ft,4,0,1,2048,80,18.05,20
rand,ft,4,0,1,2048,80,18.52,20
spr,ft,5,0,2,2048,80,18.07,20
rand,ft,5,0,2,2048,80,18.32,20
spr,ft,1,2,0,2048,115,29.59,20
rand,ft,1,2,0,2048,115,32.68,20
spr,ft,2,1,0,2048,115,22.39,20
rand,ft,2,1,0,2048,115,23.56,20
spr,ft,3,0,0,2048,115,17.46,20
rand,ft,3,0,0,2048,115,17.54,20
spr,ft,4,0,1,2048,115,16.89,20
rand,ft,4,0,1,2048,115,16.68,20
spr,ft,5,0,2,2048,115,16.81,20
rand,ft,5,0,2,2048,115,16.87,20
spr,ft,1,2,0,2048,64,32.51,24
rand,ft,1,2,0,2048,64,41.9,24
spr,ft,2,1,0,2048,64,29.39,24
rand,ft,2,1,0,2048,64,32.24,24
spr,ft,3,0,0,2048,64,24.68,24
rand,ft,3,0,0,2048,64,25.43,24
spr,ft,4,0,1,2048,64,23.95,24
rand,ft,4,0,1,2048,64,23.96,24
spr,ft,5,0,2,2048,64,24.02,24
rand,ft,5,0,2,2048,64,23.61,24
spr,ft,1,2,0,2048,80,29.4,24
rand,ft,1,2,0,2048,80,35.57,24
spr,ft,2,1,0,2048,80,25.64,24
rand,ft,2,1,0,2048,80,28.98,24
spr,ft,3,0,0,2048,80,21.49,24
rand,ft,3,0,0,2048,80,21.76,24
spr,ft,4,0,1,2048,80,20.68,24
rand,ft,4,0,1,2048,80,20.86,24
spr,ft,5,0,2,2048,80,20.51,24
rand,ft,5,0,2,2048,80,20.46,24
spr,ft,1,2,0,2048,115,27.01,24
rand,ft,1,2,0,2048,115,34.82,24
spr,ft,2,1,0,2048,115,23.82,24
rand,ft,2,1,0,2048,115,26.88,24
spr,ft,3,0,0,2048,115,18.89,24
rand,ft,3,0,0,2048,115,19.68,24
spr,ft,4,0,1,2048,115,18.32,24
rand,ft,4,0,1,2048,115,19.69,24
spr,ft,5,0,2,2048,115,18.22,24
rand,ft,5,0,2,2048,115,18.26,24
spr,lu,1,2,0,2048,64,23.99,16
rand,lu,1,2,0,2048,64,26.05,16
spr,lu,2,1,0,2048,64,20.31,16
rand,lu,2,1,0,2048,64,20.33,16
spr,lu,3,0,0,2048,64,19.81,16
rand,lu,3,0,0,2048,64,20.13,16
spr,lu,4,0,1,2048,64,20.15,16
rand,lu,4,0,1,2048,64,19.75,16
spr,lu,5,0,2,2048,64,19.86,16
rand,lu,5,0,2,2048,64,20.02,16
spr,lu,1,2,0,2048,80,22.61,16
rand,lu,1,2,0,2048,80,23.77,16
spr,lu,2,1,0,2048,80,18.81,16
rand,lu,2,1,0,2048,80,18.82,16
spr,lu,3,0,0,2048,80,18.28,16
rand,lu,3,0,0,2048,80,18.8,16
spr,lu,4,0,1,2048,80,18.28,16
rand,lu,4,0,1,2048,80,18.17,16
spr,lu,5,0,2,2048,80,18.23,16
rand,lu,5,0,2,2048,80,18.14,16
spr,lu,1,2,0,2048,115,22.57,16
rand,lu,1,2,0,2048,115,23.65,16
spr,lu,2,1,0,2048,115,18.51,16
rand,lu,2,1,0,2048,115,18.94,16
spr,lu,3,0,0,2048,115,18.28,16
rand,lu,3,0,0,2048,115,18.46,16
spr,lu,4,0,1,2048,115,18.16,16
rand,lu,4,0,1,2048,115,18.27,16
spr,lu,5,0,2,2048,115,18.19,16
rand,lu,5,0,2,2048,115,18.13,16
spr,lu,1,2,0,2048,64,28.42,20
rand,lu,1,2,0,2048,64,32.54,20
spr,lu,2,1,0,2048,64,24.65,20
rand,lu,2,1,0,2048,64,24.91,20
spr,lu,3,0,0,2048,64,24.16,20
rand,lu,3,0,0,2048,64,24.34,20
spr,lu,4,0,1,2048,64,24.05,20
rand,lu,4,0,1,2048,64,24.18,20
spr,lu,5,0,2,2048,64,24.1,20
rand,lu,5,0,2,2048,64,24.23,20
spr,lu,1,2,0,2048,80,25.44,20
rand,lu,1,2,0,2048,80,27.57,20
spr,lu,2,1,0,2048,80,21.72,20
rand,lu,2,1,0,2048,80,21.71,20
spr,lu,3,0,0,2048,80,21.18,20
rand,lu,3,0,0,2048,80,21.49,20
spr,lu,4,0,1,2048,80,21.23,20
rand,lu,4,0,1,2048,80,21.26,20
spr,lu,5,0,2,2048,80,21.26,20
rand,lu,5,0,2,2048,80,21.75,20
spr,lu,1,2,0,2048,115,24.15,20
rand,lu,1,2,0,2048,115,30.23,20
spr,lu,2,1,0,2048,115,20.97,20
rand,lu,2,1,0,2048,115,20.97,20
spr,lu,3,0,0,2048,115,20.71,20
rand,lu,3,0,0,2048,115,20.6,20
spr,lu,4,0,1,2048,115,20.57,20
rand,lu,4,0,1,2048,115,20.52,20
spr,lu,5,0,2,2048,115,20.36,20
rand,lu,5,0,2,2048,115,20.55,20
spr,lu,1,2,0,2048,64,30.65,24
rand,lu,1,2,0,2048,64,35.3,24
spr,lu,2,1,0,2048,64,28.88,24
rand,lu,2,1,0,2048,64,29.13,24
spr,lu,3,0,0,2048,64,28.68,24
rand,lu,3,0,0,2048,64,28.48,24
spr,lu,4,0,1,2048,64,28.39,24
rand,lu,4,0,1,2048,64,28.57,24
spr,lu,5,0,2,2048,64,28.23,24
rand,lu,5,0,2,2048,64,28.26,24
spr,lu,1,2,0,2048,80,26.67,24
rand,lu,1,2,0,2048,80,37.02,24
spr,lu,2,1,0,2048,80,24.88,24
rand,lu,2,1,0,2048,80,24.75,24
spr,lu,3,0,0,2048,80,24.4,24
rand,lu,3,0,0,2048,80,24.17,24
spr,lu,4,0,1,2048,80,24.08,24
rand,lu,4,0,1,2048,80,24.37,24
spr,lu,5,0,2,2048,80,24.19,24
rand,lu,5,0,2,2048,80,24.35,24
spr,lu,1,2,0,2048,115,24.8,24
rand,lu,1,2,0,2048,115,33.32,24
spr,lu,2,1,0,2048,115,22.66,24
rand,lu,2,1,0,2048,115,23.36,24
spr,lu,3,0,0,2048,115,22.53,24
rand,lu,3,0,0,2048,115,22.57,24
spr,lu,4,0,1,2048,115,22.35,24
rand,lu,4,0,1,2048,115,22.47,24
spr,lu,5,0,2,2048,115,22.64,24
rand,lu,5,0,2,2048,115,22.65,24
spr,mg,1,2,0,2048,64,33.34,16
rand,mg,1,2,0,2048,64,33.14,16
spr,mg,2,1,0,2048,64,23.18,16
rand,mg,2,1,0,2048,64,24.4,16
spr,mg,3,0,0,2048,64,21.23,16
rand,mg,3,0,0,2048,64,21.36,16
spr,mg,4,0,1,2048,64,20.85,16
rand,mg,4,0,1,2048,64,21.28,16
spr,mg,5,0,2,2048,64,20.86,16
rand,mg,5,0,2,2048,64,21.02,16
spr,mg,1,2,0,2048,80,32.19,16
rand,mg,1,2,0,2048,80,43.76,16
spr,mg,2,1,0,2048,80,22.19,16
rand,mg,2,1,0,2048,80,24.24,16
spr,mg,3,0,0,2048,80,19.99,16
rand,mg,3,0,0,2048,80,20.09,16
rand,mg,4,0,1,2048,80,19.65,16
spr,mg,5,0,2,2048,80,19.66,16
rand,mg,5,0,2,2048,80,19.78,16
spr,mg,1,2,0,2048,115,29.98,16
rand,mg,1,2,0,2048,115,34.61,16
spr,mg,2,1,0,2048,115,21.79,16
rand,mg,2,1,0,2048,115,23.46,16
spr,mg,3,0,0,2048,115,19.83,16
rand,mg,3,0,0,2048,115,20.03,16
spr,mg,4,0,1,2048,115,19.61,16
rand,mg,4,0,1,2048,115,19.57,16
spr,mg,5,0,2,2048,115,19.56,16
rand,mg,5,0,2,2048,115,19.49,16
spr,mg,1,2,0,2048,64,39.17,20
rand,mg,1,2,0,2048,64,46.48,20
spr,mg,2,1,0,2048,64,27.7,20
rand,mg,2,1,0,2048,64,29.73,20
spr,mg,3,0,0,2048,64,26.24,20
rand,mg,3,0,0,2048,64,26.24,20
spr,mg,4,0,1,2048,64,26.19,20
rand,mg,4,0,1,2048,64,26,20
spr,mg,5,0,2,2048,64,26.06,20
rand,mg,5,0,2,2048,64,26.05,20
spr,mg,1,2,0,2048,80,37.91,20
rand,mg,1,2,0,2048,80,39.56,20
spr,mg,2,1,0,2048,80,26.35,20
rand,mg,2,1,0,2048,80,28.4,20
spr,mg,3,0,0,2048,80,24.42,20
rand,mg,3,0,0,2048,80,24.63,20
spr,mg,4,0,1,2048,80,24.26,20
rand,mg,4,0,1,2048,80,23.97,20
spr,mg,5,0,2,2048,80,24.42,20
rand,mg,5,0,2,2048,80,23.83,20
spr,mg,1,2,0,2048,115,37.42,20
rand,mg,1,2,0,2048,115,45.42,20
spr,mg,2,1,0,2048,115,26.54,20
rand,mg,2,1,0,2048,115,28.02,20
rand,mg,3,0,0,2048,115,24,20
spr,mg,4,0,1,2048,115,23.95,20
rand,mg,4,0,1,2048,115,23.66,20
spr,mg,5,0,2,2048,115,24.57,20
rand,mg,5,0,2,2048,115,23.73,20
spr,mg,1,2,0,2048,64,38.71,24
rand,mg,1,2,0,2048,64,50.09,24
spr,mg,2,1,0,2048,64,32.45,24
rand,mg,2,1,0,2048,64,34.62,24
spr,mg,3,0,0,2048,64,30.74,24
rand,mg,3,0,0,2048,64,30.97,24
spr,mg,4,0,1,2048,64,30.87,24
rand,mg,4,0,1,2048,64,30.42,24
spr,mg,5,0,2,2048,64,30.52,24
rand,mg,5,0,2,2048,64,30.68,24
spr,mg,1,2,0,2048,80,36.89,24
rand,mg,1,2,0,2048,80,49.77,24
spr,mg,2,1,0,2048,80,30.47,24
pak,kripke,4,0,1,2048,80,31.08298,24
pak,kripke,5,0,2,2048,80,31.27104,24
pak,kripke,1,2,0,2048,115,28.39861,24
pak,kripke,2,1,0,2048,115,28.60736,24
pak,kripke,3,0,0,2048,115,28.38185,24
pak,kripke,4,0,1,2048,115,28.28088,24
pak,kripke,5,0,2,2048,115,28.27589,24
pak,CoMD,1,2,0,2048,64,41.7099,16
pak,CoMD,2,1,0,2048,64,40.9394,16
pak,CoMD,3,0,0,2048,64,41.1958,16
pak,CoMD,4,0,1,2048,64,40.7279,16
pak,CoMD,5,0,2,2048,64,41.7516,16
pak,CoMD,1,2,0,2048,80,38.9581,16
pak,CoMD,2,1,0,2048,80,37.7471,16
pak,CoMD,3,0,0,2048,80,39.9433,16
pak,CoMD,4,0,1,2048,80,38.4931,16
pak,CoMD,5,0,2,2048,80,38.3937,16
pak,CoMD,1,2,0,2048,115,37.19,16
pak,CoMD,2,1,0,2048,115,38.0957,16
pak,CoMD,3,0,0,2048,115,38.8678,16
pak,CoMD,4,0,1,2048,115,39.8723,16
pak,CoMD,5,0,2,2048,115,38.8318,16
pak,CoMD,1,2,0,2048,64,47.5113,20
pak,CoMD,2,1,0,2048,64,46.438,20
pak,CoMD,3,0,0,2048,64,47.4087,20
pak,CoMD,4,0,1,2048,64,47.0473,20
pak,CoMD,5,0,2,2048,64,46.8363,20
pak,CoMD,1,2,0,2048,80,42.638,20
pak,CoMD,2,1,0,2048,80,41.232,20
pak,CoMD,3,0,0,2048,80,40.5848,20
pak,CoMD,4,0,1,2048,80,39.8476,20
pak,CoMD,5,0,2,2048,80,40.5907,20
pak,CoMD,1,2,0,2048,115,40.7372,20
pak,CoMD,2,1,0,2048,115,41.2628,20
pak,CoMD,3,0,0,2048,115,40.1823,20
pak,CoMD,4,0,1,2048,115,39.5353,20
pak,CoMD,5,0,2,2048,115,39.6914,20
pak,CoMD,1,2,0,2048,64,53.0328,24
pak,CoMD,2,1,0,2048,64,52.0963,24
pak,CoMD,3,0,0,2048,64,51.6919,24
pak,CoMD,4,0,1,2048,64,51.1507,24
pak,CoMD,5,0,2,2048,64,50.3127,24
pak,CoMD,1,2,0,2048,80,44.8226,24
pak,CoMD,2,1,0,2048,80,45.3754,24
pak,CoMD,3,0,0,2048,80,43.2538,24
pak,CoMD,4,0,1,2048,80,43.3305,24
pak,CoMD,5,0,2,2048,80,43.621,24
pak,CoMD,1,2,0,2048,115,42.544,24
pak,CoMD,2,1,0,2048,115,41.1025,24
pak,CoMD,3,0,0,2048,115,40.8737,24
pak,CoMD,4,0,1,2048,115,39.7504,24
pak,CoMD,5,0,2,2048,115,40.8223,24
pak,ft,1,2,0,2048,64,26.68,16
pak,ft,2,1,0,2048,64,22.92,16
pak,ft,3,0,0,2048,64,18.9,16
pak,ft,4,0,1,2048,64,18.35,16
pak,ft,5,0,2,2048,64,18.42,16
pak,ft,1,2,0,2048,80,24.6,16
pak,ft,2,1,0,2048,80,20.72,16
pak,ft,3,0,0,2048,80,16.62,16
pak,ft,4,0,1,2048,80,16.16,16
pak,ft,5,0,2,2048,80,16.06,16
pak,ft,1,2,0,2048,115,24.71,16
pak,ft,2,1,0,2048,115,20.15,16
pak,ft,3,0,0,2048,115,16.07,16
pak,ft,4,0,1,2048,115,15.47,16
pak,ft,5,0,2,2048,115,15.54,16
pak,ft,1,2,0,2048,64,27.76,20
pak,ft,2,1,0,2048,64,26.61,20
pak,ft,3,0,0,2048,64,22,20
pak,ft,4,0,1,2048,64,21.3,20
pak,ft,5,0,2,2048,64,21.11,20
pak,ft,1,2,0,2048,80,25.87,20
pak,ft,2,1,0,2048,80,23.81,20
pak,ft,3,0,0,2048,80,18.95,20
pak,ft,4,0,1,2048,80,18.49,20
pak,ft,5,0,2,2048,80,18.41,20
pak,ft,1,2,0,2048,115,24.75,20
pak,ft,2,1,0,2048,115,22.5,20
pak,ft,3,0,0,2048,115,17.93,20
pak,ft,4,0,1,2048,115,17.25,20
pak,ft,5,0,2,2048,115,17.06,20
pak,ft,1,2,0,2048,64,30.51,24
pak,ft,2,1,0,2048,64,30.71,24
pak,ft,3,0,0,2048,64,24.9,24
pak,ft,4,0,1,2048,64,23.91,24
pak,ft,5,0,2,2048,64,23.84,24
pak,ft,1,2,0,2048,80,28.6,24
pak,ft,2,1,0,2048,80,26.38,24
pak,ft,3,0,0,2048,80,21.41,24
pak,ft,4,0,1,2048,80,20.6,24
pak,ft,5,0,2,2048,80,20.43,24
pak,ft,1,2,0,2048,115,25.59,24
pak,ft,2,1,0,2048,115,24.23,24
pak,ft,3,0,0,2048,115,19.07,24
pak,ft,4,0,1,2048,115,18.07,24
pak,ft,5,0,2,2048,115,17.88,24
pak,lu,1,2,0,2048,64,26.16,16
pak,lu,2,1,0,2048,64,20.54,16
pak,lu,3,0,0,2048,64,20.6,16
pak,lu,4,0,1,2048,64,20.52,16
pak,lu,5,0,2,2048,64,20.34,16
pak,lu,1,2,0,2048,80,24.46,16
pak,lu,2,1,0,2048,80,18.97,16
pak,lu,3,0,0,2048,80,18.63,16
pak,lu,4,0,1,2048,80,18.49,16
pak,lu,5,0,2,2048,80,18.74,16
pak,lu,1,2,0,2048,115,24.35,16
pak,lu,2,1,0,2048,115,18.96,16
pak,lu,3,0,0,2048,115,18.71,16
pak,lu,4,0,1,2048,115,18.67,16
pak,lu,5,0,2,2048,115,18.75,16
pak,lu,1,2,0,2048,64,26.57,20
pak,lu,2,1,0,2048,64,24.41,20
pak,lu,3,0,0,2048,64,24.37,20
pak,lu,4,0,1,2048,64,24.19,20
pak,lu,5,0,2,2048,64,24.39,20
pak,lu,1,2,0,2048,80,23.7,20
pak,lu,2,1,0,2048,80,21.31,20
pak,lu,3,0,0,2048,80,21.44,20
pak,lu,4,0,1,2048,80,21.55,20
pak,lu,5,0,2,2048,80,21.67,20
pak,lu,1,2,0,2048,115,23,20
pak,lu,2,1,0,2048,115,20.94,20
pak,lu,3,0,0,2048,115,20.63,20
pak,lu,4,0,1,2048,115,20.5,20
pak,lu,5,0,2,2048,115,20.75,20
pak,lu,1,2,0,2048,64,30.5,24
pak,lu,2,1,0,2048,64,28.84,24
pak,lu,3,0,0,2048,64,28.89,24
pak,lu,4,0,1,2048,64,28.96,24
pak,lu,5,0,2,2048,64,28.9,24
pak,lu,1,2,0,2048,80,26.3,24
pak,lu,2,1,0,2048,80,24.61,24
pak,lu,3,0,0,2048,80,24.44,24
pak,lu,4,0,1,2048,80,24.6,24
pak,lu,5,0,2,2048,80,24.6,24
pak,lu,1,2,0,2048,115,24.57,24
pak,lu,2,1,0,2048,115,22.78,24
pak,lu,3,0,0,2048,115,22.72,24
pak,lu,4,0,1,2048,115,22.66,24
pak,lu,5,0,2,2048,115,23.02,24
pak,mg,1,2,0,2048,64,32.87,16
pak,mg,2,1,0,2048,64,23.72,16
pak,mg,3,0,0,2048,64,21.72,16
pak,mg,4,0,1,2048,64,21.37,16
pak,mg,5,0,2,2048,64,21.39,16
pak,mg,1,2,0,2048,80,31.88,16
pak,mg,2,1,0,2048,80,22.47,16
pak,mg,3,0,0,2048,80,20.14,16
pak,mg,4,0,1,2048,80,19.75,16
pak,mg,5,0,2,2048,80,19.73,16
pak,mg,1,2,0,2048,115,32.01,16
pak,mg,2,1,0,2048,115,22.37,16
pak,mg,3,0,0,2048,115,19.98,16
pak,mg,4,0,1,2048,115,19.66,16
pak,mg,5,0,2,2048,115,19.61,16
pak,mg,1,2,0,2048,64,32.58,20
pak,mg,2,1,0,2048,64,27.6,20
pak,mg,3,0,0,2048,64,26.15,20
pak,mg,4,0,1,2048,64,26.23,20
pak,mg,5,0,2,2048,64,26.4,20
pak,mg,1,2,0,2048,80,31.7,20
pak,mg,2,1,0,2048,80,25.92,20
pak,mg,3,0,0,2048,80,24.22,20
pak,mg,4,0,1,2048,80,24.02,20
pak,mg,5,0,2,2048,80,24.16,20
pak,mg,1,2,0,2048,115,30.2,20
pak,mg,2,1,0,2048,115,25.87,20
pak,mg,3,0,0,2048,115,23.76,20
pak,mg,4,0,1,2048,115,23.43,20
pak,mg,5,0,2,2048,115,23.53,20
pak,mg,1,2,0,2048,64,36.22,24
pak,mg,2,1,0,2048,64,32.02,24
pak,mg,3,0,0,2048,64,30.66,24
pak,mg,4,0,1,2048,64,30.42,24
pak,mg,5,0,2,2048,64,30.67,24
pak,mg,1,2,0,2048,80,33.28,24
pak,mg,2,1,0,2048,80,29.33,24
pak,mg,3,0,0,2048,80,28.39,24
pak,mg,4,0,1,2048,80,27.69,24
pak,mg,5,0,2,2048,80,27.63,24
pak,mg,1,2,0,2048,115,32.92,24
pak,mg,2,1,0,2048,115,28.36,24
pak,mg,3,0,0,2048,115,27.34,24
pak,mg,4,0,1,2048,115,26.93,24
pak,mg,5,0,2,2048,115,26.72,24
pak,kripke,1,2,0,4096,64,40.66476,24
pak,kripke,2,1,0,4096,64,41.60207,24
pak,kripke,3,0,0,4096,64,40.29428,24
pak,kripke,1,2,0,4096,115,30.29011,24
pak,kripke,4,0,1,4096,80,33.30069,24
pak,kripke,5,0,2,4096,80,33.80073,24
pak,kripke,2,1,0,4096,115,30.35127,24
pak,kripke,3,0,0,4096,115,30.32969,24
pak,kripke,4,0,1,4096,64,40.45047,24
pak,kripke,1,2,0,4096,80,33.53918,24
pak,kripke,5,0,2,4096,64,40.98803,24
pak,kripke,2,1,0,4096,80,33.59213,24
pak,kripke,3,0,0,4096,80,34.03256,24
spr,kripke,1,2,0,4096,64,41.12262,24
spr,kripke,2,1,0,4096,64,41.16181,24
spr,kripke,3,0,0,4096,64,41.03957,24
spr,kripke,4,0,1,4096,64,40.83890,24
spr,kripke,5,0,2,4096,64,40.82612,24
spr,kripke,1,2,0,4096,80,33.15753,24
spr,kripke,2,1,0,4096,80,33.34828,24
spr,kripke,3,0,0,4096,80,33.77444,24
spr,kripke,4,0,1,4096,80,33.59812,24
spr,kripke,5,0,2,4096,80,33.78576,24
spr,kripke,1,2,0,4096,115,30.09140,24
spr,kripke,2,1,0,4096,115,30.32132,24
spr,kripke,3,0,0,4096,115,30.17031,24
spr,kripke,4,0,1,4096,115,30.41136,24
spr,kripke,5,0,2,4096,115,30.34306,24
spr,CoMD,1,2,0,4096,64,53.3861,24
spr,CoMD,2,1,0,4096,64,51.9343,24
spr,CoMD,3,0,0,4096,64,49.9514,24
spr,CoMD,4,0,1,4096,64,51.5202,24
spr,CoMD,5,0,2,4096,64,50.1449,24
spr,CoMD,1,2,0,4096,80,43.5086,24
spr,CoMD,2,1,0,4096,80,42.9284,24
spr,CoMD,3,0,0,4096,80,43.0374,24
spr,CoMD,4,0,1,4096,80,42.9490,24
spr,CoMD,5,0,2,4096,80,42.6373,24
spr,CoMD,1,2,0,4096,115,41.5466,24
spr,CoMD,2,1,0,4096,115,41.8704,24
spr,CoMD,3,0,0,4096,115,40.2710,24
spr,CoMD,4,0,1,4096,115,40.3945,24
spr,CoMD,5,0,2,4096,115,40.1542,24
spr,ft,1,2,0,4096,64,17.85,24
spr,ft,2,1,0,4096,64,15.54,24
spr,ft,3,0,0,4096,64,13.24,24
spr,ft,4,0,1,4096,64,13.27,24
spr,ft,5,0,2,4096,64,13.38,24
spr,ft,1,2,0,4096,80,16.55,24
spr,ft,2,1,0,4096,80,13.47,24
spr,ft,3,0,0,4096,80,10.92,24
spr,ft,4,0,1,4096,80,10.83,24
spr,ft,5,0,2,4096,80,10.87,24
spr,ft,1,2,0,4096,115,16.60,24
spr,ft,2,1,0,4096,115,12.42,24
spr,ft,3,0,0,4096,115,9.53,24
spr,ft,4,0,1,4096,115,9.47,24
spr,ft,5,0,2,4096,115,9.39,24
spr,lu,1,2,0,4096,64,19.02,24
spr,lu,2,1,0,4096,64,16.37,24
spr,lu,3,0,0,4096,64,16.08,24
spr,lu,4,0,1,4096,64,16.02,24
spr,lu,5,0,2,4096,64,16.02,24
spr,lu,1,2,0,4096,80,17.32,24
spr,lu,2,1,0,4096,80,14.34,24
spr,lu,3,0,0,4096,80,13.99,24
spr,lu,4,0,1,4096,80,14.06,24
spr,lu,5,0,2,4096,80,13.90,24
spr,lu,1,2,0,4096,115,16.95,24
spr,lu,2,1,0,4096,115,13.50,24
spr,lu,3,0,0,4096,115,13.12,24
spr,lu,4,0,1,4096,115,13.17,24
spr,lu,5,0,2,4096,115,13.15,24
spr,mg,1,2,0,4096,64,22.44,24
spr,mg,2,1,0,4096,64,16.85,24
spr,mg,3,0,0,4096,64,15.82,24
spr,mg,4,0,1,4096,64,15.72,24
spr,mg,5,0,2,4096,64,15.83,24
spr,mg,1,2,0,4096,80,21.10,24
spr,mg,2,1,0,4096,80,16.05,24
spr,mg,3,0,0,4096,80,15.16,24
spr,mg,4,0,1,4096,80,15.17,24
spr,mg,5,0,2,4096,80,14.99,24
spr,mg,1,2,0,4096,115,20.30,24
spr,mg,2,1,0,4096,115,15.67,24
spr,mg,3,0,0,4096,115,14.86,24
spr,mg,4,0,1,4096,115,14.88,24
spr,mg,5,0,2,4096,115,14.88,24
rand,kripke,1,2,0,4096,64,40.14728,24
rand,kripke,2,1,0,4096,64,41.06773,24
rand,kripke,3,0,0,4096,64,40.91606,24
rand,kripke,4,0,1,4096,64,39.87448,24
rand,kripke,5,0,2,4096,64,40.24773,24
rand,kripke,1,2,0,4096,80,33.46513,24
rand,kripke,2,1,0,4096,80,33.26157,24
rand,kripke,3,0,0,4096,80,33.31002,24
rand,kripke,4,0,1,4096,80,33.44309,24
rand,kripke,5,0,2,4096,80,33.26637,24
rand,kripke,1,2,0,4096,115,30.13402,24
rand,kripke,2,1,0,4096,115,30.49622,24
rand,kripke,3,0,0,4096,115,30.53501,24
rand,kripke,4,0,1,4096,115,30.27383,24
rand,kripke,5,0,2,4096,115,30.31465,24
rand,CoMD,1,2,0,4096,64,53.7733,24
rand,CoMD,2,1,0,4096,64,53.2943,24
rand,CoMD,3,0,0,4096,64,50.9117,24
rand,CoMD,4,0,1,4096,64,50.8083,24
rand,CoMD,5,0,2,4096,64,51.2533,24
rand,CoMD,1,2,0,4096,80,47.0717,24
rand,CoMD,2,1,0,4096,80,44.7369,24
rand,CoMD,3,0,0,4096,80,43.7992,24
rand,CoMD,4,0,1,4096,80,43.5718,24
rand,CoMD,5,0,2,4096,80,43.7844,24
rand,CoMD,1,2,0,4096,115,43.1496,24
rand,CoMD,2,1,0,4096,115,41.9693,24
rand,CoMD,3,0,0,4096,115,41.2716,24
rand,CoMD,4,0,1,4096,115,40.1849,24
rand,CoMD,5,0,2,4096,115,40.5063,24
rand,ft,1,2,0,4096,64,20.65,24
rand,ft,2,1,0,4096,64,16.80,24
rand,ft,3,0,0,4096,64,13.22,24
rand,ft,4,0,1,4096,64,13.20,24
rand,ft,5,0,2,4096,64,13.25,24
rand,ft,1,2,0,4096,80,19.75,24
rand,ft,2,1,0,4096,80,14.74,24
rand,ft,3,0,0,4096,80,10.99,24
rand,ft,4,0,1,4096,80,10.92,24
rand,ft,5,0,2,4096,80,10.87,24
rand,ft,1,2,0,4096,115,15.58,24
rand,ft,2,1,0,4096,115,15.03,24
rand,ft,3,0,0,4096,115,9.67,24
rand,ft,4,0,1,4096,115,9.57,24
rand,ft,5,0,2,4096,115,9.45,24
rand,lu,1,2,0,4096,64,18.31,24
rand,lu,2,1,0,4096,64,16.57,24
rand,lu,3,0,0,4096,64,16.28,24
rand,lu,4,0,1,4096,64,16.18,24
rand,lu,5,0,2,4096,64,16.26,24
rand,lu,1,2,0,4096,80,14.83,24
rand,lu,2,1,0,4096,80,14.27,24
rand,lu,3,0,0,4096,80,14.14,24
rand,lu,4,0,1,4096,80,14.01,24
rand,lu,5,0,2,4096,80,13.98,24
rand,lu,1,2,0,4096,115,17.37,24
rand,lu,2,1,0,4096,115,13.68,24
rand,lu,3,0,0,4096,115,13.22,24
rand,lu,4,0,1,4096,115,13.12,24
rand,lu,5,0,2,4096,115,13.10,24
rand,mg,1,2,0,4096,64,30.61,24
rand,mg,2,1,0,4096,64,17.35,24
rand,mg,3,0,0,4096,64,15.98,24
rand,mg,4,0,1,4096,64,15.75,24
rand,mg,5,0,2,4096,64,15.70,24
rand,mg,1,2,0,4096,80,25.51,24
rand,mg,2,1,0,4096,80,16.16,24
rand,mg,3,0,0,4096,80,15.22,24
rand,mg,4,0,1,4096,80,15.21,24
rand,mg,5,0,2,4096,80,14.93,24
rand,mg,1,2,0,4096,115,36.71,24
rand,mg,2,1,0,4096,115,15.87,24
rand,mg,3,0,0,4096,115,14.90,24
rand,mg,4,0,1,4096,115,14.89,24
rand,mg,5,0,2,4096,115,14.74,24
pak,kripke,4,0,1,4096,115,30.39811,24
pak,kripke,5,0,2,4096,115,30.37064,24
pak,CoMD,1,2,0,4096,64,54.4034,24
pak,CoMD,2,1,0,4096,64,52.7167,24
pak,CoMD,3,0,0,4096,64,51.5611,24
pak,CoMD,4,0,1,4096,64,52.0969,24
pak,CoMD,5,0,2,4096,64,51.7525,24
pak,CoMD,1,2,0,4096,80,46.5075,24
pak,CoMD,2,1,0,4096,80,45.4208,24
pak,CoMD,3,0,0,4096,80,43.9699,24
pak,CoMD,4,0,1,4096,80,44.1151,24
pak,CoMD,5,0,2,4096,80,44.3072,24
pak,CoMD,1,2,0,4096,115,42.4216,24
pak,CoMD,2,1,0,4096,115,42.0062,24
pak,CoMD,3,0,0,4096,115,41.1639,24
pak,CoMD,4,0,1,4096,115,41.1271,24
pak,CoMD,5,0,2,4096,115,40.4947,24
pak,ft,1,2,0,4096,64,20.18,24
pak,ft,2,1,0,4096,64,16.43,24
pak,ft,3,0,0,4096,64,13.54,24
pak,ft,4,0,1,4096,64,13.46,24
pak,ft,5,0,2,4096,64,13.55,24
pak,ft,1,2,0,4096,80,17.24,24
pak,ft,2,1,0,4096,80,14.47,24
pak,ft,3,0,0,4096,80,11.64,24
pak,ft,4,0,1,4096,80,11.57,24
pak,ft,5,0,2,4096,80,11.05,24
pak,ft,1,2,0,4096,115,17.31,24
pak,ft,2,1,0,4096,115,13.30,24
pak,ft,3,0,0,4096,115,9.69,24
pak,ft,4,0,1,4096,115,10.18,24
pak,ft,5,0,2,4096,115,9.57,24
pak,lu,1,2,0,4096,64,22.77,24
pak,lu,2,1,0,4096,64,17.37,24
pak,lu,3,0,0,4096,64,17.34,24
pak,lu,4,0,1,4096,64,17.25,24
pak,lu,5,0,2,4096,64,17.09,24
pak,lu,1,2,0,4096,80,20.22,24
pak,lu,2,1,0,4096,80,14.97,24
pak,lu,3,0,0,4096,80,14.63,24
pak,lu,4,0,1,4096,80,14.60,24
pak,lu,5,0,2,4096,80,14.41,24
pak,lu,1,2,0,4096,115,19.64,24
pak,lu,2,1,0,4096,115,14.06,24
pak,lu,3,0,0,4096,115,13.52,24
pak,lu,4,0,1,4096,115,13.37,24
pak,lu,5,0,2,4096,115,13.39,24
pak,mg,1,2,0,4096,64,25.62,24
pak,mg,2,1,0,4096,64,17.24,24
pak,mg,3,0,0,4096,64,16.07,24
pak,mg,4,0,1,4096,64,15.91,24
pak,mg,5,0,2,4096,64,15.92,24
pak,mg,1,2,0,4096,80,25.59,24
pak,mg,2,1,0,4096,80,16.10,24
pak,mg,3,0,0,4096,80,14.82,24
pak,mg,4,0,1,4096,80,14.62,24
pak,mg,5,0,2,4096,80,14.57,24
pak,mg,1,2,0,4096,115,22.26,24
pak,mg,2,1,0,4096,115,15.31,24
pak,mg,3,0,0,4096,115,14.35,24
pak,mg,4,0,1,4096,115,14.34,24
pak,mg,5,0,2,4096,115,14.33,24
rand,kripke,1,2,0,4096,64,41.28026,24
rand,kripke,2,1,0,4096,64,41.51927,24
rand,kripke,3,0,0,4096,64,41.16108,24
rand,kripke,4,0,1,4096,64,40.38003,24
rand,kripke,5,0,2,4096,64,41.20921,24
rand,kripke,1,2,0,4096,80,33.79184,24
rand,kripke,2,1,0,4096,80,33.71984,24
rand,kripke,3,0,0,4096,80,33.87365,24
rand,kripke,4,0,1,4096,80,33.26984,24
rand,kripke,5,0,2,4096,80,33.70975,24
rand,kripke,1,2,0,4096,115,30.76357,24
rand,kripke,2,1,0,4096,115,30.81663,24
rand,kripke,3,0,0,4096,115,30.74966,24
rand,kripke,4,0,1,4096,115,30.83871,24
rand,kripke,5,0,2,4096,115,30.81060,24
rand,CoMD,1,2,0,4096,64,53.0326,24
rand,CoMD,2,1,0,4096,64,52.4224,24
rand,CoMD,3,0,0,4096,64,53.3235,24
rand,CoMD,4,0,1,4096,64,52.2440,24
rand,CoMD,5,0,2,4096,64,51.0051,24
rand,CoMD,1,2,0,4096,80,45.3950,24
rand,CoMD,2,1,0,4096,80,44.6929,24
rand,CoMD,3,0,0,4096,80,43.9619,24
rand,CoMD,4,0,1,4096,80,44.1497,24
rand,CoMD,5,0,2,4096,80,44.0600,24
rand,CoMD,1,2,0,4096,115,42.8223,24
rand,CoMD,2,1,0,4096,115,42.2870,24
rand,CoMD,3,0,0,4096,115,41.2657,24
rand,CoMD,4,0,1,4096,115,41.0390,24
rand,CoMD,5,0,2,4096,115,40.2221,24
rand,ft,1,2,0,4096,64,21.87,24
rand,ft,2,1,0,4096,64,16.44,24
rand,ft,3,0,0,4096,64,13.70,24
rand,ft,4,0,1,4096,64,13.56,24
rand,ft,5,0,2,4096,64,13.81,24
rand,ft,1,2,0,4096,80,16.12,24
rand,ft,2,1,0,4096,80,14.34,24
rand,ft,3,0,0,4096,80,11.31,24
rand,ft,4,0,1,4096,80,11.15,24
rand,ft,5,0,2,4096,80,11.22,24
rand,ft,1,2,0,4096,115,17.51,24
rand,ft,2,1,0,4096,115,13.97,24
rand,ft,3,0,0,4096,115,9.91,24
rand,ft,4,0,1,4096,115,9.84,24
rand,ft,5,0,2,4096,115,10.28,24
rand,lu,1,2,0,4096,64,23.76,24
rand,lu,2,1,0,4096,64,17.51,24
rand,lu,3,0,0,4096,64,17.31,24
rand,lu,4,0,1,4096,64,17.22,24
rand,lu,5,0,2,4096,64,17.04,24
rand,lu,1,2,0,4096,80,15.91,24
rand,lu,2,1,0,4096,80,14.92,24
rand,lu,3,0,0,4096,80,14.61,24
rand,lu,4,0,1,4096,80,14.66,24
rand,lu,5,0,2,4096,80,14.47,24
rand,lu,1,2,0,4096,115,15.86,24
rand,lu,2,1,0,4096,115,14.29,24
rand,lu,3,0,0,4096,115,13.65,24
rand,lu,4,0,1,4096,115,13.71,24
rand,lu,5,0,2,4096,115,13.69,24
rand,mg,1,2,0,4096,64,26.01,24
rand,mg,2,1,0,4096,64,17.41,24
rand,mg,3,0,0,4096,64,16.13,24
rand,mg,4,0,1,4096,64,16.07,24
rand,mg,5,0,2,4096,64,16.00,24
rand,mg,1,2,0,4096,80,32.48,24
rand,mg,2,1,0,4096,80,15.70,24
rand,mg,3,0,0,4096,80,14.61,24
rand,mg,4,0,1,4096,80,14.51,24
rand,mg,5,0,2,4096,80,14.47,24
rand,mg,1,2,0,4096,115,29.48,24
rand,mg,2,1,0,4096,115,15.48,24
rand,mg,3,0,0,4096,115,14.24,24
rand,mg,4,0,1,4096,115,14.15,24
rand,mg,5,0,2,4096,115,14.17,24